stage,arrangement,alpha,cooldown_s,split,seed,rule,threshold,epochs,delay_ms,harm_per_epoch,harmful_switches,switches_per_1000,switches
fresh,FIX,0.002,0,calibration,92001,SC,16.0,6000,3.8020725374638173,0.0013333333333333333,8,5.166666666666667,31
fresh,FIX,0.002,0,calibration,92002,SC,16.0,6000,3.9815290803386945,0.0015,9,8.166666666666666,49
fresh,FIX,0.002,0,calibration,92003,SC,16.0,6000,3.8973740126428105,0.0008333333333333334,5,5.5,33
fresh,FIX,0.002,0,calibration,92004,SC,16.0,6000,6.626876981463134,0.002,12,7.333333333333333,44
fresh,FIX,0.002,0,calibration,92005,SC,16.0,6000,7.6318894876317716,0.001,6,6.0,36
fresh,FIX,0.002,0,calibration,92006,SC,16.0,6000,5.10310452935132,0.002,12,7.666666666666667,46
fresh,FIX,0.002,0,calibration,92007,SC,16.0,6000,5.648144567153103,0.002,12,7.166666666666667,43
fresh,FIX,0.002,0,calibration,92008,SC,16.0,6000,5.018109029567193,0.0006666666666666666,4,4.833333333333333,29
fresh,FIX,0.002,0,calibration,92009,SC,16.0,6000,7.855226846077833,0.0023333333333333335,14,9.166666666666666,55
fresh,FIX,0.002,0,calibration,92010,SC,16.0,6000,4.597373006583176,0.0013333333333333333,8,6.666666666666667,40
fresh,FIX,0.002,0,calibration,92011,SC,16.0,6000,5.497300016563916,0.0006666666666666666,4,5.833333333333333,35
fresh,FIX,0.002,0,calibration,92012,SC,16.0,6000,6.2324524923836195,0.004,24,11.5,69
fresh,FIX,0.002,0,calibration,92013,SC,16.0,6000,5.727025412048763,0.0026666666666666666,16,9.166666666666666,55
fresh,FIX,0.002,0,calibration,92014,SC,16.0,6000,6.009962164744175,0.0016666666666666668,10,9.0,54
fresh,FIX,0.002,0,calibration,92015,SC,16.0,6000,5.275717609722648,0.0015,9,5.833333333333333,35
fresh,FIX,0.002,0,calibration,92016,SC,16.0,6000,7.229954958702676,0.0031666666666666666,19,10.0,60
fresh,FIX,0.002,0,calibration,92017,SC,16.0,6000,6.960854406669394,0.001,6,6.666666666666667,40
fresh,FIX,0.002,0,calibration,92018,SC,16.0,6000,6.241760288658575,0.0016666666666666668,10,7.5,45
fresh,FIX,0.002,0,calibration,92019,SC,16.0,6000,5.258374803859711,0.0025,15,8.333333333333334,50
fresh,FIX,0.002,0,calibration,92020,SC,16.0,6000,6.872996389832819,0.0021666666666666666,13,8.166666666666666,49
fresh,FIX,0.002,0,test,93001,SC,16.0,6000,4.798306439802292,0.0016666666666666668,10,9.166666666666666,55
fresh,FIX,0.002,0,test,93002,SC,16.0,6000,4.7701903943784485,0.0008333333333333334,5,5.666666666666667,34
fresh,FIX,0.002,0,test,93003,SC,16.0,6000,5.460313273988616,0.003833333333333333,23,11.333333333333334,68
fresh,FIX,0.002,0,test,93004,SC,16.0,6000,7.109893373496631,0.002,12,10.166666666666666,61
fresh,FIX,0.002,0,test,93005,SC,16.0,6000,6.500630167086399,0.0015,9,6.833333333333333,41
fresh,FIX,0.002,0,test,93006,SC,16.0,6000,4.195899531455712,0.0008333333333333334,5,4.333333333333333,26
fresh,FIX,0.002,0,test,93007,SC,16.0,6000,7.015688086129001,0.004,24,13.5,81
fresh,FIX,0.002,0,test,93008,SC,16.0,6000,3.4452139925106477,0.0006666666666666666,4,5.666666666666667,34
fresh,FIX,0.002,0,test,93009,SC,16.0,6000,7.387272049275038,0.0033333333333333335,20,9.833333333333334,59
fresh,FIX,0.002,0,test,93010,SC,16.0,6000,7.555920196098465,0.0016666666666666668,10,8.333333333333334,50
fresh,FIX,0.002,0,test,93011,SC,16.0,6000,4.795197114114724,0.0015,9,6.333333333333333,38
fresh,FIX,0.002,0,test,93012,SC,16.0,6000,6.667479246025494,0.0021666666666666666,13,6.666666666666667,40
fresh,FIX,0.002,0,test,93013,SC,16.0,6000,5.379738616913993,0.0005,3,4.0,24
fresh,FIX,0.002,0,test,93014,SC,16.0,6000,6.702111113494738,0.0026666666666666666,16,8.333333333333334,50
fresh,FIX,0.002,0,test,93015,SC,16.0,6000,4.958375338032735,0.0015,9,8.5,51
fresh,FIX,0.002,0,test,93016,SC,16.0,6000,5.147330756810486,0.0023333333333333335,14,8.666666666666666,52
fresh,FIX,0.002,0,test,93017,SC,16.0,6000,5.946546541543599,0.0011666666666666668,7,6.833333333333333,41
fresh,FIX,0.002,0,test,93018,SC,16.0,6000,3.806624011689168,0.0013333333333333333,8,6.5,39
fresh,FIX,0.002,0,test,93019,SC,16.0,6000,5.009158701253029,0.002,12,7.5,45
fresh,FIX,0.002,0,test,93020,SC,16.0,6000,6.842798403825443,0.0013333333333333333,8,5.333333333333333,32
fresh,FIX,0.002,0,calibration,92001,K2,58.170913293743574,6000,3.5751229174949657,0.0011666666666666668,7,8.333333333333334,50
fresh,FIX,0.002,0,calibration,92002,K2,58.170913293743574,6000,2.868323070547224,0.0026666666666666666,16,14.5,87
fresh,FIX,0.002,0,calibration,92003,K2,58.170913293743574,6000,2.222817035743015,0.0015,9,9.666666666666666,58
fresh,FIX,0.002,0,calibration,92004,K2,58.170913293743574,6000,3.2882842539290746,0.0025,15,14.0,84
fresh,FIX,0.002,0,calibration,92005,K2,58.170913293743574,6000,4.608818910773048,0.0015,9,11.333333333333334,68
fresh,FIX,0.002,0,calibration,92006,K2,58.170913293743574,6000,2.881014492125328,0.0025,15,14.666666666666666,88
fresh,FIX,0.002,0,calibration,92007,K2,58.170913293743574,6000,4.891970384668215,0.0023333333333333335,14,14.5,87
fresh,FIX,0.002,0,calibration,92008,K2,58.170913293743574,6000,2.727707587124554,0.0013333333333333333,8,14.833333333333334,89
fresh,FIX,0.002,0,calibration,92009,K2,58.170913293743574,6000,6.020174335868613,0.002,12,14.5,87
fresh,FIX,0.002,0,calibration,92010,K2,58.170913293743574,6000,3.0098661385159695,0.0023333333333333335,14,13.666666666666666,82
fresh,FIX,0.002,0,calibration,92011,K2,58.170913293743574,6000,2.1818011566864617,0.0015,9,14.333333333333334,86
fresh,FIX,0.002,0,calibration,92012,K2,58.170913293743574,6000,5.955391186431297,0.0026666666666666666,16,14.833333333333334,89
fresh,FIX,0.002,0,calibration,92013,K2,58.170913293743574,6000,3.1002046257218225,0.0023333333333333335,14,13.5,81
fresh,FIX,0.002,0,calibration,92014,K2,58.170913293743574,6000,3.8199702815008543,0.0015,9,13.0,78
fresh,FIX,0.002,0,calibration,92015,K2,58.170913293743574,6000,3.598645769573594,0.0015,9,12.166666666666666,73
fresh,FIX,0.002,0,calibration,92016,K2,58.170913293743574,6000,6.486754749599523,0.0023333333333333335,14,13.666666666666666,82
fresh,FIX,0.002,0,calibration,92017,K2,58.170913293743574,6000,5.337420994786473,0.0015,9,13.333333333333334,80
fresh,FIX,0.002,0,calibration,92018,K2,58.170913293743574,6000,3.239155935054002,0.0018333333333333333,11,11.666666666666666,70
fresh,FIX,0.002,0,calibration,92019,K2,58.170913293743574,6000,4.07863834837297,0.0015,9,14.666666666666666,88
fresh,FIX,0.002,0,calibration,92020,K2,58.170913293743574,6000,4.913932721461324,0.0025,15,15.0,90
fresh,FIX,0.002,0,test,93001,K2,58.170913293743574,6000,3.530268482678564,0.0028333333333333335,17,14.333333333333334,86
fresh,FIX,0.002,0,test,93002,K2,58.170913293743574,6000,3.391663702425432,0.0015,9,13.666666666666666,82
fresh,FIX,0.002,0,test,93003,K2,58.170913293743574,6000,3.8510656710270967,0.0036666666666666666,22,19.0,114
fresh,FIX,0.002,0,test,93004,K2,58.170913293743574,6000,4.884509391918731,0.0031666666666666666,19,18.0,108
fresh,FIX,0.002,0,test,93005,K2,58.170913293743574,6000,5.674485778464165,0.0016666666666666668,10,16.833333333333332,101
fresh,FIX,0.002,0,test,93006,K2,58.170913293743574,6000,2.4428714842132604,0.0011666666666666668,7,10.0,60
fresh,FIX,0.002,0,test,93007,K2,58.170913293743574,6000,6.359647536745021,0.003833333333333333,23,17.833333333333332,107
fresh,FIX,0.002,0,test,93008,K2,58.170913293743574,6000,2.368397207585239,0.0015,9,12.333333333333334,74
fresh,FIX,0.002,0,test,93009,K2,58.170913293743574,6000,5.637916822258814,0.0033333333333333335,20,18.166666666666668,109
fresh,FIX,0.002,0,test,93010,K2,58.170913293743574,6000,5.6087080711436235,0.0018333333333333333,11,17.333333333333332,104
fresh,FIX,0.002,0,test,93011,K2,58.170913293743574,6000,3.615973796681037,0.0008333333333333334,5,12.0,72
fresh,FIX,0.002,0,test,93012,K2,58.170913293743574,6000,5.628315180650608,0.0016666666666666668,10,11.333333333333334,68
fresh,FIX,0.002,0,test,93013,K2,58.170913293743574,6000,2.7607115421121393,0.0011666666666666668,7,10.666666666666666,64
fresh,FIX,0.002,0,test,93014,K2,58.170913293743574,6000,5.046821944903849,0.003,18,15.666666666666666,94
fresh,FIX,0.002,0,test,93015,K2,58.170913293743574,6000,3.555305599201333,0.0015,9,13.5,81
fresh,FIX,0.002,0,test,93016,K2,58.170913293743574,6000,3.152712103214136,0.003,18,12.666666666666666,76
fresh,FIX,0.002,0,test,93017,K2,58.170913293743574,6000,4.918366951291736,0.0011666666666666668,7,12.333333333333334,74
fresh,FIX,0.002,0,test,93018,K2,58.170913293743574,6000,2.311699442874215,0.0016666666666666668,10,10.666666666666666,64
fresh,FIX,0.002,0,test,93019,K2,58.170913293743574,6000,4.470562944154674,0.0018333333333333333,11,14.5,87
fresh,FIX,0.002,0,test,93020,K2,58.170913293743574,6000,4.15721741300165,0.0023333333333333335,14,14.666666666666666,88
fresh,FIX,0.01,0,calibration,92001,SC,4.0,6000,3.3496371224007113,0.005,30,15.333333333333334,92
fresh,FIX,0.01,0,calibration,92002,SC,4.0,6000,2.601979534717429,0.0095,57,27.666666666666668,166
fresh,FIX,0.01,0,calibration,92003,SC,4.0,6000,2.096628394838179,0.006833333333333334,41,21.666666666666668,130
fresh,FIX,0.01,0,calibration,92004,SC,4.0,6000,3.4729195743403123,0.009833333333333333,59,26.333333333333332,158
fresh,FIX,0.01,0,calibration,92005,SC,4.0,6000,4.486418940559532,0.010666666666666666,64,30.333333333333332,182
fresh,FIX,0.01,0,calibration,92006,SC,4.0,6000,3.3862720651729057,0.010666666666666666,64,31.0,186
fresh,FIX,0.01,0,calibration,92007,SC,4.0,6000,4.729472106774108,0.010666666666666666,64,29.5,177
fresh,FIX,0.01,0,calibration,92008,SC,4.0,6000,2.7042882630805893,0.007666666666666666,46,26.166666666666668,157
fresh,FIX,0.01,0,calibration,92009,SC,4.0,6000,4.735260240358365,0.013,78,32.833333333333336,197
fresh,FIX,0.01,0,calibration,92010,SC,4.0,6000,2.6722100146070327,0.007666666666666666,46,23.0,138
fresh,FIX,0.01,0,calibration,92011,SC,4.0,6000,2.145146676123262,0.008,48,23.333333333333332,140
fresh,FIX,0.01,0,calibration,92012,SC,4.0,6000,5.800098217220126,0.0125,75,33.5,201
fresh,FIX,0.01,0,calibration,92013,SC,4.0,6000,2.8712780521360903,0.013,78,34.5,207
fresh,FIX,0.01,0,calibration,92014,SC,4.0,6000,3.6804839608093394,0.009666666666666667,58,28.0,168
fresh,FIX,0.01,0,calibration,92015,SC,4.0,6000,3.4675445059986525,0.006833333333333334,41,19.166666666666668,115
fresh,FIX,0.01,0,calibration,92016,SC,4.0,6000,5.955321435010685,0.011166666666666667,67,31.0,186
fresh,FIX,0.01,0,calibration,92017,SC,4.0,6000,4.214735889087995,0.009166666666666667,55,26.0,156
fresh,FIX,0.01,0,calibration,92018,SC,4.0,6000,3.3992864435216834,0.010166666666666666,61,27.666666666666668,166
fresh,FIX,0.01,0,calibration,92019,SC,4.0,6000,3.6937706573126317,0.010666666666666666,64,30.0,180
fresh,FIX,0.01,0,calibration,92020,SC,4.0,6000,4.881056506734456,0.011333333333333334,68,31.0,186
fresh,FIX,0.01,0,test,93001,SC,4.0,6000,3.1798674049108615,0.0125,75,35.333333333333336,212
fresh,FIX,0.01,0,test,93002,SC,4.0,6000,3.335467101257874,0.01,60,29.333333333333332,176
fresh,FIX,0.01,0,test,93003,SC,4.0,6000,3.394545233803451,0.015,90,38.666666666666664,232
fresh,FIX,0.01,0,test,93004,SC,4.0,6000,4.245599982244081,0.012,72,34.333333333333336,206
fresh,FIX,0.01,0,test,93005,SC,4.0,6000,5.4795810576181365,0.011666666666666667,70,31.5,189
fresh,FIX,0.01,0,test,93006,SC,4.0,6000,2.4759626493257296,0.007,42,20.666666666666668,124
fresh,FIX,0.01,0,test,93007,SC,4.0,6000,5.987797498254794,0.013,78,34.166666666666664,205
fresh,FIX,0.01,0,test,93008,SC,4.0,6000,2.307373518047052,0.007833333333333333,47,22.0,132
fresh,FIX,0.01,0,test,93009,SC,4.0,6000,5.355100111098117,0.015,90,41.0,246
fresh,FIX,0.01,0,test,93010,SC,4.0,6000,4.46577533059632,0.0115,69,30.666666666666668,184
fresh,FIX,0.01,0,test,93011,SC,4.0,6000,3.653530831604943,0.008333333333333333,50,25.666666666666668,154
fresh,FIX,0.01,0,test,93012,SC,4.0,6000,4.948049058903151,0.0105,63,25.666666666666668,154
fresh,FIX,0.01,0,test,93013,SC,4.0,6000,2.701045537273376,0.0065,39,21.0,126
fresh,FIX,0.01,0,test,93014,SC,4.0,6000,4.627696576279855,0.008333333333333333,50,25.333333333333332,152
fresh,FIX,0.01,0,test,93015,SC,4.0,6000,4.0251038204876535,0.010833333333333334,65,32.166666666666664,193
fresh,FIX,0.01,0,test,93016,SC,4.0,6000,2.9983571468044485,0.010333333333333333,62,28.333333333333332,170
fresh,FIX,0.01,0,test,93017,SC,4.0,6000,4.498053359766633,0.01,60,29.333333333333332,176
fresh,FIX,0.01,0,test,93018,SC,4.0,6000,2.6305775184884013,0.008,48,23.0,138
fresh,FIX,0.01,0,test,93019,SC,4.0,6000,4.184128809028952,0.008333333333333333,50,24.166666666666668,145
fresh,FIX,0.01,0,test,93020,SC,4.0,6000,3.9561979261887816,0.007166666666666667,43,20.0,120
fresh,FIX,0.01,0,calibration,92001,K2,10.0,6000,3.314889729307746,0.005333333333333333,32,18.666666666666668,112
fresh,FIX,0.01,0,calibration,92002,K2,10.0,6000,2.6469997487331125,0.008333333333333333,50,32.0,192
fresh,FIX,0.01,0,calibration,92003,K2,10.0,6000,2.0847309125165885,0.006,36,22.666666666666668,136
fresh,FIX,0.01,0,calibration,92004,K2,10.0,6000,3.345177991512736,0.010166666666666666,61,29.333333333333332,176
fresh,FIX,0.01,0,calibration,92005,K2,10.0,6000,4.491654970982705,0.009333333333333334,56,29.666666666666668,178
fresh,FIX,0.01,0,calibration,92006,K2,10.0,6000,2.6165904174493972,0.01,60,33.666666666666664,202
fresh,FIX,0.01,0,calibration,92007,K2,10.0,6000,4.798533399614438,0.009666666666666667,58,31.166666666666668,187
fresh,FIX,0.01,0,calibration,92008,K2,10.0,6000,2.6547664743003,0.008333333333333333,50,34.5,207
fresh,FIX,0.01,0,calibration,92009,K2,10.0,6000,4.715253003477825,0.013333333333333334,80,38.833333333333336,233
fresh,FIX,0.01,0,calibration,92010,K2,10.0,6000,2.702076190870306,0.007,42,27.666666666666668,166
fresh,FIX,0.01,0,calibration,92011,K2,10.0,6000,2.088860527056267,0.007666666666666666,46,29.0,174
fresh,FIX,0.01,0,calibration,92012,K2,10.0,6000,5.8033698265995675,0.011,66,35.5,213
fresh,FIX,0.01,0,calibration,92013,K2,10.0,6000,2.8909424578131855,0.012,72,38.5,231
fresh,FIX,0.01,0,calibration,92014,K2,10.0,6000,3.6337724615276263,0.008833333333333334,53,31.333333333333332,188
fresh,FIX,0.01,0,calibration,92015,K2,10.0,6000,3.4583916115833064,0.005833333333333334,35,21.833333333333332,131
fresh,FIX,0.01,0,calibration,92016,K2,10.0,6000,6.002101580770259,0.011,66,33.333333333333336,200
fresh,FIX,0.01,0,calibration,92017,K2,10.0,6000,3.9484081091924246,0.009,54,31.333333333333332,188
fresh,FIX,0.01,0,calibration,92018,K2,10.0,6000,2.979058718176266,0.0095,57,31.333333333333332,188
fresh,FIX,0.01,0,calibration,92019,K2,10.0,6000,3.723410775547045,0.009,54,32.333333333333336,194
fresh,FIX,0.01,0,calibration,92020,K2,10.0,6000,4.998930357998457,0.011166666666666667,67,36.0,216
fresh,FIX,0.01,0,test,93001,K2,10.0,6000,3.1262655205843584,0.0115,69,36.333333333333336,218
fresh,FIX,0.01,0,test,93002,K2,10.0,6000,2.768661811459163,0.0085,51,33.166666666666664,199
fresh,FIX,0.01,0,test,93003,K2,10.0,6000,3.320602081985499,0.0145,87,42.666666666666664,256
fresh,FIX,0.01,0,test,93004,K2,10.0,6000,4.150560163946169,0.0135,81,39.666666666666664,238
fresh,FIX,0.01,0,test,93005,K2,10.0,6000,5.339775070860931,0.011166666666666667,67,36.5,219
fresh,FIX,0.01,0,test,93006,K2,10.0,6000,2.4532760171653862,0.006,36,24.333333333333332,146
fresh,FIX,0.01,0,test,93007,K2,10.0,6000,5.773779498992997,0.011333333333333334,68,37.833333333333336,227
fresh,FIX,0.01,0,test,93008,K2,10.0,6000,2.31589270980067,0.008166666666666666,49,25.666666666666668,154
fresh,FIX,0.01,0,test,93009,K2,10.0,6000,5.281469717741671,0.013666666666666667,82,42.333333333333336,254
fresh,FIX,0.01,0,test,93010,K2,10.0,6000,4.62830530623714,0.0085,51,30.666666666666668,184
fresh,FIX,0.01,0,test,93011,K2,10.0,6000,3.6030961650250446,0.0075,45,27.666666666666668,166
fresh,FIX,0.01,0,test,93012,K2,10.0,6000,4.901123558120626,0.009333333333333334,56,30.333333333333332,182
fresh,FIX,0.01,0,test,93013,K2,10.0,6000,2.633240116130201,0.006833333333333334,41,28.333333333333332,170
fresh,FIX,0.01,0,test,93014,K2,10.0,6000,4.669251856649921,0.009833333333333333,59,35.333333333333336,212
fresh,FIX,0.01,0,test,93015,K2,10.0,6000,3.281685392540733,0.010166666666666666,61,33.166666666666664,199
fresh,FIX,0.01,0,test,93016,K2,10.0,6000,3.0960300463195813,0.010166666666666666,61,30.0,180
fresh,FIX,0.01,0,test,93017,K2,10.0,6000,4.437402000751773,0.009666666666666667,58,34.666666666666664,208
fresh,FIX,0.01,0,test,93018,K2,10.0,6000,2.342039702163728,0.008166666666666666,49,26.333333333333332,158
fresh,FIX,0.01,0,test,93019,K2,10.0,6000,4.142417185740927,0.008666666666666666,52,30.166666666666668,181
fresh,FIX,0.01,0,test,93020,K2,10.0,6000,3.8296225597323126,0.0085,51,27.333333333333332,164
fresh,FIX,0.002,30,calibration,92001,SC,7.5,6000,4.2585051482747405,0.0008333333333333334,5,5.833333333333333,35
fresh,FIX,0.002,30,calibration,92002,SC,7.5,6000,2.966864442002544,0.0018333333333333333,11,8.833333333333334,53
fresh,FIX,0.002,30,calibration,92003,SC,7.5,6000,3.048717964793282,0.0018333333333333333,11,6.0,36
fresh,FIX,0.002,30,calibration,92004,SC,7.5,6000,5.409471864534538,0.0013333333333333333,8,8.666666666666666,52
fresh,FIX,0.002,30,calibration,92005,SC,7.5,6000,6.887213222789289,0.0016666666666666668,10,9.0,54
fresh,FIX,0.002,30,calibration,92006,SC,7.5,6000,4.429639838974666,0.0011666666666666668,7,8.333333333333334,50
fresh,FIX,0.002,30,calibration,92007,SC,7.5,6000,6.120149289663137,0.0018333333333333333,11,9.166666666666666,55
fresh,FIX,0.002,30,calibration,92008,SC,7.5,6000,3.8104586146939208,0.0008333333333333334,5,8.5,51
fresh,FIX,0.002,30,calibration,92009,SC,7.5,6000,6.6331733600803195,0.0021666666666666666,13,8.833333333333334,53
fresh,FIX,0.002,30,calibration,92010,SC,7.5,6000,4.050457609491363,0.001,6,7.666666666666667,46
fresh,FIX,0.002,30,calibration,92011,SC,7.5,6000,3.440548189857394,0.0013333333333333333,8,9.0,54
fresh,FIX,0.002,30,calibration,92012,SC,7.5,6000,7.460450090842888,0.0028333333333333335,17,11.833333333333334,71
fresh,FIX,0.002,30,calibration,92013,SC,7.5,6000,4.775062378914251,0.0025,15,10.166666666666666,61
fresh,FIX,0.002,30,calibration,92014,SC,7.5,6000,5.048388206579914,0.0011666666666666668,7,8.666666666666666,52
fresh,FIX,0.002,30,calibration,92015,SC,7.5,6000,4.787810740911866,0.0016666666666666668,10,9.166666666666666,55
fresh,FIX,0.002,30,calibration,92016,SC,7.5,6000,8.831237276889215,0.0025,15,10.666666666666666,64
fresh,FIX,0.002,30,calibration,92017,SC,7.5,6000,5.319935934595323,0.0015,9,7.666666666666667,46
fresh,FIX,0.002,30,calibration,92018,SC,7.5,6000,4.9889067350741145,0.0016666666666666668,10,8.333333333333334,50
fresh,FIX,0.002,30,calibration,92019,SC,7.5,6000,3.745487325849732,0.001,6,8.0,48
fresh,FIX,0.002,30,calibration,92020,SC,7.5,6000,6.094542070070852,0.0021666666666666666,13,9.666666666666666,58
fresh,FIX,0.002,30,test,93001,SC,7.5,6000,5.320829713135965,0.003,18,9.833333333333334,59
fresh,FIX,0.002,30,test,93002,SC,7.5,6000,5.030917244571509,0.0018333333333333333,11,8.0,48
fresh,FIX,0.002,30,test,93003,SC,7.5,6000,4.62559654669162,0.0021666666666666666,13,10.0,60
fresh,FIX,0.002,30,test,93004,SC,7.5,6000,5.909177333855759,0.0026666666666666666,16,10.666666666666666,64
fresh,FIX,0.002,30,test,93005,SC,7.5,6000,7.320381688353572,0.0021666666666666666,13,9.833333333333334,59
fresh,FIX,0.002,30,test,93006,SC,7.5,6000,3.6391234335155698,0.0016666666666666668,10,7.666666666666667,46
fresh,FIX,0.002,30,test,93007,SC,7.5,6000,7.74336273968033,0.0023333333333333335,14,9.5,57
fresh,FIX,0.002,30,test,93008,SC,7.5,6000,3.416838603710619,0.0015,9,8.833333333333334,53
fresh,FIX,0.002,30,test,93009,SC,7.5,6000,7.292404934767805,0.0023333333333333335,14,11.333333333333334,68
fresh,FIX,0.002,30,test,93010,SC,7.5,6000,6.886856962483257,0.0018333333333333333,11,9.333333333333334,56
fresh,FIX,0.002,30,test,93011,SC,7.5,6000,4.50694107773509,0.0013333333333333333,8,8.666666666666666,52
fresh,FIX,0.002,30,test,93012,SC,7.5,6000,6.991900257877108,0.0013333333333333333,8,9.666666666666666,58
fresh,FIX,0.002,30,test,93013,SC,7.5,6000,4.458506579826051,0.0011666666666666668,7,7.666666666666667,46
fresh,FIX,0.002,30,test,93014,SC,7.5,6000,6.323221620865667,0.0011666666666666668,7,8.666666666666666,52
fresh,FIX,0.002,30,test,93015,SC,7.5,6000,4.524800061056629,0.0016666666666666668,10,10.5,63
fresh,FIX,0.002,30,test,93016,SC,7.5,6000,4.817844802653742,0.0011666666666666668,7,7.333333333333333,44
fresh,FIX,0.002,30,test,93017,SC,7.5,6000,6.164347457749954,0.0018333333333333333,11,8.666666666666666,52
fresh,FIX,0.002,30,test,93018,SC,7.5,6000,3.95299058127683,0.0015,9,8.666666666666666,52
fresh,FIX,0.002,30,test,93019,SC,7.5,6000,6.4830547376337915,0.0016666666666666668,10,9.166666666666666,55
fresh,FIX,0.002,30,test,93020,SC,7.5,6000,4.9769229835852045,0.0011666666666666668,7,8.333333333333334,50
fresh,FIX,0.002,30,calibration,92001,K2,131.11339374215643,6000,3.8927176767494647,0.00016666666666666666,1,5.166666666666667,31
fresh,FIX,0.002,30,calibration,92002,K2,131.11339374215643,6000,4.128091167223337,0.0008333333333333334,5,9.166666666666666,55
fresh,FIX,0.002,30,calibration,92003,K2,131.11339374215643,6000,2.341984699917804,0.00016666666666666666,1,4.666666666666667,28
fresh,FIX,0.002,30,calibration,92004,K2,131.11339374215643,6000,3.831720699009629,0.0011666666666666668,7,9.333333333333334,56
fresh,FIX,0.002,30,calibration,92005,K2,131.11339374215643,6000,4.536242954132402,0.0,0,7.666666666666667,46
fresh,FIX,0.002,30,calibration,92006,K2,131.11339374215643,6000,2.5491829796999013,0.0005,3,8.333333333333334,50
fresh,FIX,0.002,30,calibration,92007,K2,131.11339374215643,6000,5.302245165279938,0.0006666666666666666,4,8.833333333333334,53
fresh,FIX,0.002,30,calibration,92008,K2,131.11339374215643,6000,3.589162594105054,0.0006666666666666666,4,9.166666666666666,55
fresh,FIX,0.002,30,calibration,92009,K2,131.11339374215643,6000,7.261551822046694,0.001,6,9.5,57
fresh,FIX,0.002,30,calibration,92010,K2,131.11339374215643,6000,3.6046962132699565,0.00016666666666666666,1,8.0,48
fresh,FIX,0.002,30,calibration,92011,K2,131.11339374215643,6000,3.351328696106471,0.0005,3,10.666666666666666,64
fresh,FIX,0.002,30,calibration,92012,K2,131.11339374215643,6000,6.41018739625615,0.0015,9,10.166666666666666,61
fresh,FIX,0.002,30,calibration,92013,K2,131.11339374215643,6000,3.5432906583505948,0.0006666666666666666,4,8.833333333333334,53
fresh,FIX,0.002,30,calibration,92014,K2,131.11339374215643,6000,3.792808740611704,0.0005,3,8.333333333333334,50
fresh,FIX,0.002,30,calibration,92015,K2,131.11339374215643,6000,3.968340566090927,0.0008333333333333334,5,8.833333333333334,53
fresh,FIX,0.002,30,calibration,92016,K2,131.11339374215643,6000,7.631016349351998,0.0013333333333333333,8,9.666666666666666,58
fresh,FIX,0.002,30,calibration,92017,K2,131.11339374215643,6000,5.575298302187096,0.0005,3,8.0,48
fresh,FIX,0.002,30,calibration,92018,K2,131.11339374215643,6000,3.468857326190679,0.0005,3,7.666666666666667,46
fresh,FIX,0.002,30,calibration,92019,K2,131.11339374215643,6000,4.367443773242914,0.0003333333333333333,2,7.666666666666667,46
fresh,FIX,0.002,30,calibration,92020,K2,131.11339374215643,6000,5.503004536589489,0.001,6,9.666666666666666,58
fresh,FIX,0.002,30,test,93001,K2,131.11339374215643,6000,3.8179106259672535,0.0006666666666666666,4,8.5,51
fresh,FIX,0.002,30,test,93002,K2,131.11339374215643,6000,3.816104153101074,0.0008333333333333334,5,9.333333333333334,56
fresh,FIX,0.002,30,test,93003,K2,131.11339374215643,6000,4.457753764688282,0.0015,9,10.666666666666666,64
fresh,FIX,0.002,30,test,93004,K2,131.11339374215643,6000,5.172743075823556,0.0006666666666666666,4,8.833333333333334,53
fresh,FIX,0.002,30,test,93005,K2,131.11339374215643,6000,6.264313348214196,0.0006666666666666666,4,11.0,66
fresh,FIX,0.002,30,test,93006,K2,131.11339374215643,6000,2.516690160834446,0.0003333333333333333,2,7.0,42
fresh,FIX,0.002,30,test,93007,K2,131.11339374215643,6000,7.102959762610647,0.001,6,9.166666666666666,55
fresh,FIX,0.002,30,test,93008,K2,131.11339374215643,6000,2.542837591623875,0.0006666666666666666,4,7.833333333333333,47
fresh,FIX,0.002,30,test,93009,K2,131.11339374215643,6000,6.843803018088981,0.0008333333333333334,5,10.166666666666666,61
fresh,FIX,0.002,30,test,93010,K2,131.11339374215643,6000,7.539457642125579,0.0006666666666666666,4,10.333333333333334,62
fresh,FIX,0.002,30,test,93011,K2,131.11339374215643,6000,4.04769260326022,0.00016666666666666666,1,7.333333333333333,44
fresh,FIX,0.002,30,test,93012,K2,131.11339374215643,6000,5.719008038641399,0.0005,3,8.666666666666666,52
fresh,FIX,0.002,30,test,93013,K2,131.11339374215643,6000,3.710435047529666,0.0008333333333333334,5,7.666666666666667,46
fresh,FIX,0.002,30,test,93014,K2,131.11339374215643,6000,5.710827447983067,0.0005,3,10.0,60
fresh,FIX,0.002,30,test,93015,K2,131.11339374215643,6000,4.641984762184881,0.0005,3,9.166666666666666,55
fresh,FIX,0.002,30,test,93016,K2,131.11339374215643,6000,3.3786435718880092,0.0008333333333333334,5,7.666666666666667,46
fresh,FIX,0.002,30,test,93017,K2,131.11339374215643,6000,6.405725023071616,0.0006666666666666666,4,8.333333333333334,50
fresh,FIX,0.002,30,test,93018,K2,131.11339374215643,6000,2.742411245721402,0.0008333333333333334,5,7.0,42
fresh,FIX,0.002,30,test,93019,K2,131.11339374215643,6000,5.723747943394431,0.0008333333333333334,5,8.5,51
fresh,FIX,0.002,30,test,93020,K2,131.11339374215643,6000,4.618975085677763,0.0008333333333333334,5,9.333333333333334,56
fresh,FIX,0.01,30,calibration,92001,SC,7.5,6000,4.2585051482747405,0.0008333333333333334,5,5.833333333333333,35
fresh,FIX,0.01,30,calibration,92002,SC,7.5,6000,2.966864442002544,0.0018333333333333333,11,8.833333333333334,53
fresh,FIX,0.01,30,calibration,92003,SC,7.5,6000,3.048717964793282,0.0018333333333333333,11,6.0,36
fresh,FIX,0.01,30,calibration,92004,SC,7.5,6000,5.409471864534538,0.0013333333333333333,8,8.666666666666666,52
fresh,FIX,0.01,30,calibration,92005,SC,7.5,6000,6.887213222789289,0.0016666666666666668,10,9.0,54
fresh,FIX,0.01,30,calibration,92006,SC,7.5,6000,4.429639838974666,0.0011666666666666668,7,8.333333333333334,50
fresh,FIX,0.01,30,calibration,92007,SC,7.5,6000,6.120149289663137,0.0018333333333333333,11,9.166666666666666,55
fresh,FIX,0.01,30,calibration,92008,SC,7.5,6000,3.8104586146939208,0.0008333333333333334,5,8.5,51
fresh,FIX,0.01,30,calibration,92009,SC,7.5,6000,6.6331733600803195,0.0021666666666666666,13,8.833333333333334,53
fresh,FIX,0.01,30,calibration,92010,SC,7.5,6000,4.050457609491363,0.001,6,7.666666666666667,46
fresh,FIX,0.01,30,calibration,92011,SC,7.5,6000,3.440548189857394,0.0013333333333333333,8,9.0,54
fresh,FIX,0.01,30,calibration,92012,SC,7.5,6000,7.460450090842888,0.0028333333333333335,17,11.833333333333334,71
fresh,FIX,0.01,30,calibration,92013,SC,7.5,6000,4.775062378914251,0.0025,15,10.166666666666666,61
fresh,FIX,0.01,30,calibration,92014,SC,7.5,6000,5.048388206579914,0.0011666666666666668,7,8.666666666666666,52
fresh,FIX,0.01,30,calibration,92015,SC,7.5,6000,4.787810740911866,0.0016666666666666668,10,9.166666666666666,55
fresh,FIX,0.01,30,calibration,92016,SC,7.5,6000,8.831237276889215,0.0025,15,10.666666666666666,64
fresh,FIX,0.01,30,calibration,92017,SC,7.5,6000,5.319935934595323,0.0015,9,7.666666666666667,46
fresh,FIX,0.01,30,calibration,92018,SC,7.5,6000,4.9889067350741145,0.0016666666666666668,10,8.333333333333334,50
fresh,FIX,0.01,30,calibration,92019,SC,7.5,6000,3.745487325849732,0.001,6,8.0,48
fresh,FIX,0.01,30,calibration,92020,SC,7.5,6000,6.094542070070852,0.0021666666666666666,13,9.666666666666666,58
fresh,FIX,0.01,30,test,93001,SC,7.5,6000,5.320829713135965,0.003,18,9.833333333333334,59
fresh,FIX,0.01,30,test,93002,SC,7.5,6000,5.030917244571509,0.0018333333333333333,11,8.0,48
fresh,FIX,0.01,30,test,93003,SC,7.5,6000,4.62559654669162,0.0021666666666666666,13,10.0,60
fresh,FIX,0.01,30,test,93004,SC,7.5,6000,5.909177333855759,0.0026666666666666666,16,10.666666666666666,64
fresh,FIX,0.01,30,test,93005,SC,7.5,6000,7.320381688353572,0.0021666666666666666,13,9.833333333333334,59
fresh,FIX,0.01,30,test,93006,SC,7.5,6000,3.6391234335155698,0.0016666666666666668,10,7.666666666666667,46
fresh,FIX,0.01,30,test,93007,SC,7.5,6000,7.74336273968033,0.0023333333333333335,14,9.5,57
fresh,FIX,0.01,30,test,93008,SC,7.5,6000,3.416838603710619,0.0015,9,8.833333333333334,53
fresh,FIX,0.01,30,test,93009,SC,7.5,6000,7.292404934767805,0.0023333333333333335,14,11.333333333333334,68
fresh,FIX,0.01,30,test,93010,SC,7.5,6000,6.886856962483257,0.0018333333333333333,11,9.333333333333334,56
fresh,FIX,0.01,30,test,93011,SC,7.5,6000,4.50694107773509,0.0013333333333333333,8,8.666666666666666,52
fresh,FIX,0.01,30,test,93012,SC,7.5,6000,6.991900257877108,0.0013333333333333333,8,9.666666666666666,58
fresh,FIX,0.01,30,test,93013,SC,7.5,6000,4.458506579826051,0.0011666666666666668,7,7.666666666666667,46
fresh,FIX,0.01,30,test,93014,SC,7.5,6000,6.323221620865667,0.0011666666666666668,7,8.666666666666666,52
fresh,FIX,0.01,30,test,93015,SC,7.5,6000,4.524800061056629,0.0016666666666666668,10,10.5,63
fresh,FIX,0.01,30,test,93016,SC,7.5,6000,4.817844802653742,0.0011666666666666668,7,7.333333333333333,44
fresh,FIX,0.01,30,test,93017,SC,7.5,6000,6.164347457749954,0.0018333333333333333,11,8.666666666666666,52
fresh,FIX,0.01,30,test,93018,SC,7.5,6000,3.95299058127683,0.0015,9,8.666666666666666,52
fresh,FIX,0.01,30,test,93019,SC,7.5,6000,6.4830547376337915,0.0016666666666666668,10,9.166666666666666,55
fresh,FIX,0.01,30,test,93020,SC,7.5,6000,4.9769229835852045,0.0011666666666666668,7,8.333333333333334,50
fresh,FIX,0.01,30,calibration,92001,K2,131.11339374215643,6000,3.8927176767494647,0.00016666666666666666,1,5.166666666666667,31
fresh,FIX,0.01,30,calibration,92002,K2,131.11339374215643,6000,4.128091167223337,0.0008333333333333334,5,9.166666666666666,55
fresh,FIX,0.01,30,calibration,92003,K2,131.11339374215643,6000,2.341984699917804,0.00016666666666666666,1,4.666666666666667,28
fresh,FIX,0.01,30,calibration,92004,K2,131.11339374215643,6000,3.831720699009629,0.0011666666666666668,7,9.333333333333334,56
fresh,FIX,0.01,30,calibration,92005,K2,131.11339374215643,6000,4.536242954132402,0.0,0,7.666666666666667,46
fresh,FIX,0.01,30,calibration,92006,K2,131.11339374215643,6000,2.5491829796999013,0.0005,3,8.333333333333334,50
fresh,FIX,0.01,30,calibration,92007,K2,131.11339374215643,6000,5.302245165279938,0.0006666666666666666,4,8.833333333333334,53
fresh,FIX,0.01,30,calibration,92008,K2,131.11339374215643,6000,3.589162594105054,0.0006666666666666666,4,9.166666666666666,55
fresh,FIX,0.01,30,calibration,92009,K2,131.11339374215643,6000,7.261551822046694,0.001,6,9.5,57
fresh,FIX,0.01,30,calibration,92010,K2,131.11339374215643,6000,3.6046962132699565,0.00016666666666666666,1,8.0,48
fresh,FIX,0.01,30,calibration,92011,K2,131.11339374215643,6000,3.351328696106471,0.0005,3,10.666666666666666,64
fresh,FIX,0.01,30,calibration,92012,K2,131.11339374215643,6000,6.41018739625615,0.0015,9,10.166666666666666,61
fresh,FIX,0.01,30,calibration,92013,K2,131.11339374215643,6000,3.5432906583505948,0.0006666666666666666,4,8.833333333333334,53
fresh,FIX,0.01,30,calibration,92014,K2,131.11339374215643,6000,3.792808740611704,0.0005,3,8.333333333333334,50
fresh,FIX,0.01,30,calibration,92015,K2,131.11339374215643,6000,3.968340566090927,0.0008333333333333334,5,8.833333333333334,53
fresh,FIX,0.01,30,calibration,92016,K2,131.11339374215643,6000,7.631016349351998,0.0013333333333333333,8,9.666666666666666,58
fresh,FIX,0.01,30,calibration,92017,K2,131.11339374215643,6000,5.575298302187096,0.0005,3,8.0,48
fresh,FIX,0.01,30,calibration,92018,K2,131.11339374215643,6000,3.468857326190679,0.0005,3,7.666666666666667,46
fresh,FIX,0.01,30,calibration,92019,K2,131.11339374215643,6000,4.367443773242914,0.0003333333333333333,2,7.666666666666667,46
fresh,FIX,0.01,30,calibration,92020,K2,131.11339374215643,6000,5.503004536589489,0.001,6,9.666666666666666,58
fresh,FIX,0.01,30,test,93001,K2,131.11339374215643,6000,3.8179106259672535,0.0006666666666666666,4,8.5,51
fresh,FIX,0.01,30,test,93002,K2,131.11339374215643,6000,3.816104153101074,0.0008333333333333334,5,9.333333333333334,56
fresh,FIX,0.01,30,test,93003,K2,131.11339374215643,6000,4.457753764688282,0.0015,9,10.666666666666666,64
fresh,FIX,0.01,30,test,93004,K2,131.11339374215643,6000,5.172743075823556,0.0006666666666666666,4,8.833333333333334,53
fresh,FIX,0.01,30,test,93005,K2,131.11339374215643,6000,6.264313348214196,0.0006666666666666666,4,11.0,66
fresh,FIX,0.01,30,test,93006,K2,131.11339374215643,6000,2.516690160834446,0.0003333333333333333,2,7.0,42
fresh,FIX,0.01,30,test,93007,K2,131.11339374215643,6000,7.102959762610647,0.001,6,9.166666666666666,55
fresh,FIX,0.01,30,test,93008,K2,131.11339374215643,6000,2.542837591623875,0.0006666666666666666,4,7.833333333333333,47
fresh,FIX,0.01,30,test,93009,K2,131.11339374215643,6000,6.843803018088981,0.0008333333333333334,5,10.166666666666666,61
fresh,FIX,0.01,30,test,93010,K2,131.11339374215643,6000,7.539457642125579,0.0006666666666666666,4,10.333333333333334,62
fresh,FIX,0.01,30,test,93011,K2,131.11339374215643,6000,4.04769260326022,0.00016666666666666666,1,7.333333333333333,44
fresh,FIX,0.01,30,test,93012,K2,131.11339374215643,6000,5.719008038641399,0.0005,3,8.666666666666666,52
fresh,FIX,0.01,30,test,93013,K2,131.11339374215643,6000,3.710435047529666,0.0008333333333333334,5,7.666666666666667,46
fresh,FIX,0.01,30,test,93014,K2,131.11339374215643,6000,5.710827447983067,0.0005,3,10.0,60
fresh,FIX,0.01,30,test,93015,K2,131.11339374215643,6000,4.641984762184881,0.0005,3,9.166666666666666,55
fresh,FIX,0.01,30,test,93016,K2,131.11339374215643,6000,3.3786435718880092,0.0008333333333333334,5,7.666666666666667,46
fresh,FIX,0.01,30,test,93017,K2,131.11339374215643,6000,6.405725023071616,0.0006666666666666666,4,8.333333333333334,50
fresh,FIX,0.01,30,test,93018,K2,131.11339374215643,6000,2.742411245721402,0.0008333333333333334,5,7.0,42
fresh,FIX,0.01,30,test,93019,K2,131.11339374215643,6000,5.723747943394431,0.0008333333333333334,5,8.5,51
fresh,FIX,0.01,30,test,93020,K2,131.11339374215643,6000,4.618975085677763,0.0008333333333333334,5,9.333333333333334,56
info,FIX,0.002,0,calibration,94001,SC,15.0,6000,5.511390383195082,0.0023333333333333335,14,8.666666666666666,52
info,FIX,0.002,0,calibration,94002,SC,15.0,6000,4.193815913122117,0.0015,9,8.0,48
info,FIX,0.002,0,calibration,94003,SC,15.0,6000,4.92306203971036,0.0031666666666666666,19,9.5,57
info,FIX,0.002,0,calibration,94004,SC,15.0,6000,4.086744251569259,0.0018333333333333333,11,6.666666666666667,40
info,FIX,0.002,0,calibration,94005,SC,15.0,6000,5.129088256295697,0.0013333333333333333,8,6.666666666666667,40
info,FIX,0.002,0,calibration,94006,SC,15.0,6000,6.103350866748563,0.0031666666666666666,19,10.666666666666666,64
info,FIX,0.002,0,calibration,94007,SC,15.0,6000,3.7346638971342534,0.00016666666666666666,1,3.6666666666666665,22
info,FIX,0.002,0,calibration,94008,SC,15.0,6000,9.396653886820806,0.0011666666666666668,7,5.666666666666667,34
info,FIX,0.002,0,calibration,94009,SC,15.0,6000,6.788182673334984,0.0015,9,6.333333333333333,38
info,FIX,0.002,0,calibration,94010,SC,15.0,6000,4.42162388606241,0.0016666666666666668,10,6.0,36
info,FIX,0.002,0,calibration,94011,SC,15.0,6000,7.8508288989329715,0.001,6,5.5,33
info,FIX,0.002,0,calibration,94012,SC,15.0,6000,5.089293188607273,0.0005,3,4.333333333333333,26
info,FIX,0.002,0,calibration,94013,SC,15.0,6000,3.951727466430202,0.0025,15,8.5,51
info,FIX,0.002,0,calibration,94014,SC,15.0,6000,4.051165298898039,0.0021666666666666666,13,9.0,54
info,FIX,0.002,0,calibration,94015,SC,15.0,6000,2.742565820205849,0.0006666666666666666,4,3.0,18
info,FIX,0.002,0,calibration,94016,SC,15.0,6000,4.7502681316905315,0.0016666666666666668,10,6.666666666666667,40
info,FIX,0.002,0,calibration,94017,SC,15.0,6000,6.345023867877692,0.0025,15,9.166666666666666,55
info,FIX,0.002,0,calibration,94018,SC,15.0,6000,3.859968296872113,0.0021666666666666666,13,7.0,42
info,FIX,0.002,0,calibration,94019,SC,15.0,6000,9.369019751020959,0.0023333333333333335,14,9.333333333333334,56
info,FIX,0.002,0,calibration,94020,SC,15.0,6000,5.3279897739749495,0.0035,21,11.166666666666666,67
info,FIX,0.002,0,test,95001,SC,15.0,6000,6.138951572799377,0.0021666666666666666,13,8.333333333333334,50
info,FIX,0.002,0,test,95002,SC,15.0,6000,6.053886710725437,0.0028333333333333335,17,9.5,57
info,FIX,0.002,0,test,95003,SC,15.0,6000,6.635118376855525,0.0028333333333333335,17,10.5,63
info,FIX,0.002,0,test,95004,SC,15.0,6000,4.324835369641045,0.0025,15,8.333333333333334,50
info,FIX,0.002,0,test,95005,SC,15.0,6000,5.020575113140846,0.0011666666666666668,7,6.0,36
info,FIX,0.002,0,test,95006,SC,15.0,6000,4.415083941800279,0.0006666666666666666,4,4.0,24
info,FIX,0.002,0,test,95007,SC,15.0,6000,4.973331553843033,0.001,6,6.166666666666667,37
info,FIX,0.002,0,test,95008,SC,15.0,6000,6.357005031072951,0.0026666666666666666,16,7.5,45
info,FIX,0.002,0,test,95009,SC,15.0,6000,6.676074143025309,0.0025,15,10.333333333333334,62
info,FIX,0.002,0,test,95010,SC,15.0,6000,5.650514874443629,0.0028333333333333335,17,9.666666666666666,58
info,FIX,0.002,0,test,95011,SC,15.0,6000,5.116259483160954,0.0015,9,7.5,45
info,FIX,0.002,0,test,95012,SC,15.0,6000,4.510456143898812,0.0015,9,7.166666666666667,43
info,FIX,0.002,0,test,95013,SC,15.0,6000,5.0553071341152,0.0031666666666666666,19,10.166666666666666,61
info,FIX,0.002,0,test,95014,SC,15.0,6000,4.560660346219563,0.0018333333333333333,11,6.5,39
info,FIX,0.002,0,test,95015,SC,15.0,6000,5.018432020665286,0.002,12,7.166666666666667,43
info,FIX,0.002,0,test,95016,SC,15.0,6000,5.911827948687971,0.0028333333333333335,17,11.0,66
info,FIX,0.002,0,test,95017,SC,15.0,6000,5.548395941999153,0.002,12,9.833333333333334,59
info,FIX,0.002,0,test,95018,SC,15.0,6000,8.763381469274789,0.0035,21,12.166666666666666,73
info,FIX,0.002,0,test,95019,SC,15.0,6000,7.018274711541574,0.0016666666666666668,10,7.833333333333333,47
info,FIX,0.002,0,test,95020,SC,15.0,6000,7.661480319571306,0.0028333333333333335,17,8.833333333333334,53
info,FIX,0.002,0,calibration,94001,K2,58.170913293743574,6000,3.956391502308468,0.0031666666666666666,19,15.833333333333334,95
info,FIX,0.002,0,calibration,94002,K2,58.170913293743574,6000,2.551205375450121,0.001,6,10.333333333333334,62
info,FIX,0.002,0,calibration,94003,K2,58.170913293743574,6000,4.524076945230945,0.0023333333333333335,14,13.833333333333334,83
info,FIX,0.002,0,calibration,94004,K2,58.170913293743574,6000,2.635483828363171,0.0011666666666666668,7,10.666666666666666,64
info,FIX,0.002,0,calibration,94005,K2,58.170913293743574,6000,3.2407754320073527,0.0011666666666666668,7,11.666666666666666,70
info,FIX,0.002,0,calibration,94006,K2,58.170913293743574,6000,6.299451798526601,0.002,12,15.0,90
info,FIX,0.002,0,calibration,94007,K2,58.170913293743574,6000,1.6989554657077948,0.0008333333333333334,5,10.0,60
info,FIX,0.002,0,calibration,94008,K2,58.170913293743574,6000,6.970315478024829,0.0011666666666666668,7,10.666666666666666,64
info,FIX,0.002,0,calibration,94009,K2,58.170913293743574,6000,3.734205766038265,0.0016666666666666668,10,12.0,72
info,FIX,0.002,0,calibration,94010,K2,58.170913293743574,6000,2.9207145579594127,0.0011666666666666668,7,16.0,96
info,FIX,0.002,0,calibration,94011,K2,58.170913293743574,6000,4.931453085958417,0.002,12,14.166666666666666,85
info,FIX,0.002,0,calibration,94012,K2,58.170913293743574,6000,2.197156376564301,0.001,6,11.0,66
info,FIX,0.002,0,calibration,94013,K2,58.170913293743574,6000,2.957081676626877,0.0031666666666666666,19,15.833333333333334,95
info,FIX,0.002,0,calibration,94014,K2,58.170913293743574,6000,2.4171224544118397,0.0016666666666666668,10,13.0,78
info,FIX,0.002,0,calibration,94015,K2,58.170913293743574,6000,1.975585405820786,0.0011666666666666668,7,10.666666666666666,64
info,FIX,0.002,0,calibration,94016,K2,58.170913293743574,6000,3.652498462714738,0.001,6,11.166666666666666,67
info,FIX,0.002,0,calibration,94017,K2,58.170913293743574,6000,3.957665343861501,0.0023333333333333335,14,12.0,72
info,FIX,0.002,0,calibration,94018,K2,58.170913293743574,6000,3.217895684008973,0.0021666666666666666,13,11.666666666666666,70
info,FIX,0.002,0,calibration,94019,K2,58.170913293743574,6000,6.211526235309201,0.0028333333333333335,17,15.666666666666666,94
info,FIX,0.002,0,calibration,94020,K2,58.170913293743574,6000,3.8545385394807417,0.0023333333333333335,14,15.833333333333334,95
info,FIX,0.002,0,test,95001,K2,58.170913293743574,6000,3.0708299915394868,0.002,12,12.333333333333334,74
info,FIX,0.002,0,test,95002,K2,58.170913293743574,6000,4.997352066809006,0.0018333333333333333,11,14.166666666666666,85
info,FIX,0.002,0,test,95003,K2,58.170913293743574,6000,4.0977172902267,0.0025,15,16.0,96
info,FIX,0.002,0,test,95004,K2,58.170913293743574,6000,3.277907223865895,0.002,12,12.333333333333334,74
info,FIX,0.002,0,test,95005,K2,58.170913293743574,6000,2.6909308302969293,0.0011666666666666668,7,13.0,78
info,FIX,0.002,0,test,95006,K2,58.170913293743574,6000,2.5783836287167103,0.002,12,14.333333333333334,86
info,FIX,0.002,0,test,95007,K2,58.170913293743574,6000,2.601213679145838,0.0006666666666666666,4,9.666666666666666,58
info,FIX,0.002,0,test,95008,K2,58.170913293743574,6000,4.5284259409711956,0.0028333333333333335,17,13.333333333333334,80
info,FIX,0.002,0,test,95009,K2,58.170913293743574,6000,5.224474674574629,0.0021666666666666666,13,16.333333333333332,98
info,FIX,0.002,0,test,95010,K2,58.170913293743574,6000,4.743847582438125,0.0025,15,16.5,99
info,FIX,0.002,0,test,95011,K2,58.170913293743574,6000,3.8567046352989256,0.0021666666666666666,13,13.333333333333334,80
info,FIX,0.002,0,test,95012,K2,58.170913293743574,6000,3.7523157430243366,0.0015,9,14.833333333333334,89
info,FIX,0.002,0,test,95013,K2,58.170913293743574,6000,4.227302804892018,0.0025,15,15.0,90
info,FIX,0.002,0,test,95014,K2,58.170913293743574,6000,3.344879363742441,0.0013333333333333333,8,11.333333333333334,68
info,FIX,0.002,0,test,95015,K2,58.170913293743574,6000,3.792623252982629,0.0013333333333333333,8,11.0,66
info,FIX,0.002,0,test,95016,K2,58.170913293743574,6000,3.726332866564993,0.0028333333333333335,17,16.333333333333332,98
info,FIX,0.002,0,test,95017,K2,58.170913293743574,6000,3.469454063635789,0.0015,9,15.833333333333334,95
info,FIX,0.002,0,test,95018,K2,58.170913293743574,6000,6.274664617259423,0.004333333333333333,26,16.833333333333332,101
info,FIX,0.002,0,test,95019,K2,58.170913293743574,6000,4.647105212774917,0.0013333333333333333,8,13.666666666666666,82
info,FIX,0.002,0,test,95020,K2,58.170913293743574,6000,5.58032258984419,0.0013333333333333333,8,10.833333333333334,65
info,SYM,0.002,0,calibration,94001,SC,8.5,6000,2.953103086155718,0.0036666666666666666,22,17.0,102
info,SYM,0.002,0,calibration,94002,SC,8.5,6000,2.255012850701915,0.0018333333333333333,11,10.666666666666666,64
info,SYM,0.002,0,calibration,94003,SC,8.5,6000,2.7781003816984278,0.0028333333333333335,17,12.166666666666666,73
info,SYM,0.002,0,calibration,94004,SC,8.5,6000,2.2765110735519323,0.0023333333333333335,14,12.333333333333334,74
info,SYM,0.002,0,calibration,94005,SC,8.5,6000,2.3317967202975143,0.0021666666666666666,13,10.0,60
info,SYM,0.002,0,calibration,94006,SC,8.5,6000,5.204287526980766,0.0023333333333333335,14,15.0,90
info,SYM,0.002,0,calibration,94007,SC,8.5,6000,1.5862546691385968,0.0005,3,4.666666666666667,28
info,SYM,0.002,0,calibration,94008,SC,8.5,6000,5.536184405267901,0.0026666666666666666,16,13.333333333333334,80
info,SYM,0.002,0,calibration,94009,SC,8.5,6000,2.1996361776854836,0.0013333333333333333,8,11.166666666666666,67
info,SYM,0.002,0,calibration,94010,SC,8.5,6000,2.5569503440432335,0.0026666666666666666,16,12.666666666666666,76
info,SYM,0.002,0,calibration,94011,SC,8.5,6000,3.3083098945740805,0.0025,15,11.833333333333334,71
info,SYM,0.002,0,calibration,94012,SC,8.5,6000,1.7257826892203305,0.0008333333333333334,5,6.666666666666667,40
info,SYM,0.002,0,calibration,94013,SC,8.5,6000,2.2192779298274052,0.0021666666666666666,13,13.166666666666666,79
info,SYM,0.002,0,calibration,94014,SC,8.5,6000,1.9431752609983166,0.0015,9,11.0,66
info,SYM,0.002,0,calibration,94015,SC,8.5,6000,1.6353719394776112,0.0005,3,6.666666666666667,40
info,SYM,0.002,0,calibration,94016,SC,8.5,6000,3.030057422636158,0.0008333333333333334,5,8.5,51
info,SYM,0.002,0,calibration,94017,SC,8.5,6000,2.1213627530368377,0.0023333333333333335,14,12.666666666666666,76
info,SYM,0.002,0,calibration,94018,SC,8.5,6000,2.9926286560777515,0.0018333333333333333,11,10.5,63
info,SYM,0.002,0,calibration,94019,SC,8.5,6000,4.808690515215596,0.0028333333333333335,17,14.666666666666666,88
info,SYM,0.002,0,calibration,94020,SC,8.5,6000,2.539038309874906,0.0023333333333333335,14,11.833333333333334,71
info,SYM,0.002,0,test,95001,SC,8.5,6000,2.003299229534816,0.002,12,11.666666666666666,70
info,SYM,0.002,0,test,95002,SC,8.5,6000,3.077322433806213,0.0015,9,9.833333333333334,59
info,SYM,0.002,0,test,95003,SC,8.5,6000,2.8627721848349355,0.003,18,14.833333333333334,89
info,SYM,0.002,0,test,95004,SC,8.5,6000,2.056235664323219,0.0013333333333333333,8,9.5,57
info,SYM,0.002,0,test,95005,SC,8.5,6000,2.2280221365269397,0.0016666666666666668,10,9.333333333333334,56
info,SYM,0.002,0,test,95006,SC,8.5,6000,1.8443049712640147,0.0016666666666666668,10,10.0,60
info,SYM,0.002,0,test,95007,SC,8.5,6000,2.0904905280626456,0.0003333333333333333,2,9.0,54
info,SYM,0.002,0,test,95008,SC,8.5,6000,3.2221150440786746,0.0028333333333333335,17,9.666666666666666,58
info,SYM,0.002,0,test,95009,SC,8.5,6000,3.6730041381247345,0.004,24,18.0,108
info,SYM,0.002,0,test,95010,SC,8.5,6000,3.579001454866021,0.0031666666666666666,19,16.5,99
info,SYM,0.002,0,test,95011,SC,8.5,6000,3.450475449190659,0.0031666666666666666,19,14.333333333333334,86
info,SYM,0.002,0,test,95012,SC,8.5,6000,2.5009250844781916,0.0025,15,11.833333333333334,71
info,SYM,0.002,0,test,95013,SC,8.5,6000,3.165403909797858,0.0023333333333333335,14,13.833333333333334,83
info,SYM,0.002,0,test,95014,SC,8.5,6000,2.3636208860180066,0.0011666666666666668,7,7.333333333333333,44
info,SYM,0.002,0,test,95015,SC,8.5,6000,3.3493865148515374,0.0023333333333333335,14,10.833333333333334,65
info,SYM,0.002,0,test,95016,SC,8.5,6000,2.578490514891209,0.004166666666666667,25,14.666666666666666,88
info,SYM,0.002,0,test,95017,SC,8.5,6000,2.4652687684542594,0.0023333333333333335,14,14.166666666666666,85
info,SYM,0.002,0,test,95018,SC,8.5,6000,3.2934969637579155,0.004166666666666667,25,18.333333333333332,110
info,SYM,0.002,0,test,95019,SC,8.5,6000,3.24662631262046,0.0023333333333333335,14,14.833333333333334,89
info,SYM,0.002,0,test,95020,SC,8.5,6000,2.647632084650065,0.0025,15,8.833333333333334,53
info,SYM,0.002,0,calibration,94001,K2,100.0,6000,2.734795525508937,0.0025,15,47.166666666666664,283
info,SYM,0.002,0,calibration,94002,K2,100.0,6000,2.134898989119631,0.0008333333333333334,5,42.666666666666664,256
info,SYM,0.002,0,calibration,94003,K2,100.0,6000,2.531761623810109,0.0015,9,38.166666666666664,229
info,SYM,0.002,0,calibration,94004,K2,100.0,6000,2.1235175963638393,0.0015,9,44.833333333333336,269
info,SYM,0.002,0,calibration,94005,K2,100.0,6000,2.175387848798924,0.0015,9,56.166666666666664,337
info,SYM,0.002,0,calibration,94006,K2,100.0,6000,5.056466794827277,0.0025,15,57.666666666666664,346
info,SYM,0.002,0,calibration,94007,K2,100.0,6000,1.4763971705199967,0.00016666666666666666,1,46.5,279
info,SYM,0.002,0,calibration,94008,K2,100.0,6000,5.3504446634299585,0.0016666666666666668,10,37.333333333333336,224
info,SYM,0.002,0,calibration,94009,K2,100.0,6000,2.0120196109884083,0.0011666666666666668,7,46.166666666666664,277
info,SYM,0.002,0,calibration,94010,K2,100.0,6000,2.368544178913334,0.0013333333333333333,8,39.833333333333336,239
info,SYM,0.002,0,calibration,94011,K2,100.0,6000,3.1194021382601327,0.001,6,45.5,273
info,SYM,0.002,0,calibration,94012,K2,100.0,6000,1.5577779230347735,0.0006666666666666666,4,44.166666666666664,265
info,SYM,0.002,0,calibration,94013,K2,100.0,6000,2.0741609117889586,0.0021666666666666666,13,46.166666666666664,277
info,SYM,0.002,0,calibration,94014,K2,100.0,6000,1.8334611717381886,0.0003333333333333333,2,46.833333333333336,281
info,SYM,0.002,0,calibration,94015,K2,100.0,6000,1.488124037163294,0.0005,3,43.666666666666664,262
info,SYM,0.002,0,calibration,94016,K2,100.0,6000,2.8450359783420374,0.0006666666666666666,4,45.5,273
info,SYM,0.002,0,calibration,94017,K2,100.0,6000,1.9603378528708555,0.0015,9,51.0,306
info,SYM,0.002,0,calibration,94018,K2,100.0,6000,2.8132103671119055,0.0016666666666666668,10,39.666666666666664,238
info,SYM,0.002,0,calibration,94019,K2,100.0,6000,4.635044417284562,0.002,12,53.666666666666664,322
info,SYM,0.002,0,calibration,94020,K2,100.0,6000,2.3352159758275697,0.0015,9,43.5,261
info,SYM,0.002,0,test,95001,K2,100.0,6000,1.8829530470983258,0.0016666666666666668,10,49.666666666666664,298
info,SYM,0.002,0,test,95002,K2,100.0,6000,2.9994358343376617,0.0011666666666666668,7,48.833333333333336,293
info,SYM,0.002,0,test,95003,K2,100.0,6000,2.7006323857490195,0.0015,9,54.5,327
info,SYM,0.002,0,test,95004,K2,100.0,6000,1.9055259612773943,0.0003333333333333333,2,40.166666666666664,241
info,SYM,0.002,0,test,95005,K2,100.0,6000,2.1147071213475805,0.0006666666666666666,4,43.0,258
info,SYM,0.002,0,test,95006,K2,100.0,6000,1.7018810346738265,0.0008333333333333334,5,61.333333333333336,368
info,SYM,0.002,0,test,95007,K2,100.0,6000,1.9790175689334684,0.0005,3,51.0,306
info,SYM,0.002,0,test,95008,K2,100.0,6000,3.0351232276772984,0.0013333333333333333,8,45.0,270
info,SYM,0.002,0,test,95009,K2,100.0,6000,3.513227517430655,0.0025,15,48.0,288
info,SYM,0.002,0,test,95010,K2,100.0,6000,3.415668031485782,0.0025,15,46.166666666666664,277
info,SYM,0.002,0,test,95011,K2,100.0,6000,3.2829474438370494,0.002,12,45.666666666666664,274
info,SYM,0.002,0,test,95012,K2,100.0,6000,2.3427254771316934,0.002,12,54.5,327
info,SYM,0.002,0,test,95013,K2,100.0,6000,2.990768429102996,0.0013333333333333333,8,41.833333333333336,251
info,SYM,0.002,0,test,95014,K2,100.0,6000,2.2409792440176837,0.0008333333333333334,5,41.0,246
info,SYM,0.002,0,test,95015,K2,100.0,6000,3.1865496204598367,0.0008333333333333334,5,54.166666666666664,325
info,SYM,0.002,0,test,95016,K2,100.0,6000,2.4193038714930704,0.0025,15,43.333333333333336,260
info,SYM,0.002,0,test,95017,K2,100.0,6000,2.274280346099975,0.0015,9,39.5,237
info,SYM,0.002,0,test,95018,K2,100.0,6000,3.126970428860072,0.0025,15,43.666666666666664,262
info,SYM,0.002,0,test,95019,K2,100.0,6000,3.0735992430168104,0.0026666666666666666,16,44.166666666666664,265
info,SYM,0.002,0,test,95020,K2,100.0,6000,2.4486170727842995,0.0011666666666666668,7,42.166666666666664,253
info,FF,0.002,0,calibration,94001,SC,67.0,6000,3.6839878334218326,0.0021666666666666666,13,10.333333333333334,62
info,FF,0.002,0,calibration,94002,SC,67.0,6000,2.9938194104907216,0.0011666666666666668,7,6.333333333333333,38
info,FF,0.002,0,calibration,94003,SC,67.0,6000,3.219167872662472,0.0021666666666666666,13,6.833333333333333,41
info,FF,0.002,0,calibration,94004,SC,67.0,6000,2.6850981294628093,0.0011666666666666668,7,5.5,33
info,FF,0.002,0,calibration,94005,SC,67.0,6000,2.8956879668959044,0.0008333333333333334,5,5.0,30
info,FF,0.002,0,calibration,94006,SC,67.0,6000,6.104357407482967,0.006333333333333333,38,21.166666666666668,127
info,FF,0.002,0,calibration,94007,SC,67.0,6000,2.018217576972316,0.0,0,2.3333333333333335,14
info,FF,0.002,0,calibration,94008,SC,67.0,6000,6.2390224601964706,0.0065,39,20.333333333333332,122
info,FF,0.002,0,calibration,94009,SC,67.0,6000,2.6233261873841798,0.001,6,4.666666666666667,28
info,FF,0.002,0,calibration,94010,SC,67.0,6000,2.9720140618740754,0.0011666666666666668,7,6.0,36
info,FF,0.002,0,calibration,94011,SC,67.0,6000,3.875243969128156,0.003833333333333333,23,11.833333333333334,71
info,FF,0.002,0,calibration,94012,SC,67.0,6000,2.1689982408663906,0.0,0,3.0,18
info,FF,0.002,0,calibration,94013,SC,67.0,6000,2.883603552919534,0.00016666666666666666,1,3.5,21
info,FF,0.002,0,calibration,94014,SC,67.0,6000,2.398024165311652,0.0003333333333333333,2,3.6666666666666665,22
info,FF,0.002,0,calibration,94015,SC,67.0,6000,1.8969416455921007,0.00016666666666666666,1,1.6666666666666667,10
info,FF,0.002,0,calibration,94016,SC,67.0,6000,3.3949750471965916,0.0028333333333333335,17,9.666666666666666,58
info,FF,0.002,0,calibration,94017,SC,67.0,6000,2.821351924630697,0.0008333333333333334,5,6.166666666666667,37
info,FF,0.002,0,calibration,94018,SC,67.0,6000,3.389122859867282,0.0016666666666666668,10,6.5,39
info,FF,0.002,0,calibration,94019,SC,67.0,6000,5.32504353666203,0.006666666666666667,40,18.0,108
info,FF,0.002,0,calibration,94020,SC,67.0,6000,3.1668088026661803,0.001,6,6.5,39
info,FF,0.002,0,test,95001,SC,67.0,6000,2.3914871886659923,0.0006666666666666666,4,5.166666666666667,31
info,FF,0.002,0,test,95002,SC,67.0,6000,3.4482297213377096,0.0021666666666666666,13,8.5,51
info,FF,0.002,0,test,95003,SC,67.0,6000,3.436784989366236,0.0028333333333333335,17,11.5,69
info,FF,0.002,0,test,95004,SC,67.0,6000,2.4561275356067194,0.0005,3,4.0,24
info,FF,0.002,0,test,95005,SC,67.0,6000,2.714848278951186,0.0006666666666666666,4,4.0,24
info,FF,0.002,0,test,95006,SC,67.0,6000,2.104661888796845,0.0005,3,3.3333333333333335,20
info,FF,0.002,0,test,95007,SC,67.0,6000,2.494799876740242,0.0006666666666666666,4,4.666666666666667,28
info,FF,0.002,0,test,95008,SC,67.0,6000,3.5108755483456697,0.003,18,8.333333333333334,50
info,FF,0.002,0,test,95009,SC,67.0,6000,4.291138074850622,0.0036666666666666666,22,13.333333333333334,80
info,FF,0.002,0,test,95010,SC,67.0,6000,3.933470944910144,0.003,18,11.666666666666666,70
info,FF,0.002,0,test,95011,SC,67.0,6000,4.163820749259111,0.0036666666666666666,22,13.666666666666666,82
info,FF,0.002,0,test,95012,SC,67.0,6000,3.0773877367823705,0.0018333333333333333,11,7.166666666666667,43
info,FF,0.002,0,test,95013,SC,67.0,6000,3.737934474854972,0.003,18,9.833333333333334,59
info,FF,0.002,0,test,95014,SC,67.0,6000,2.825868950905957,0.002,12,6.333333333333333,38
info,FF,0.002,0,test,95015,SC,67.0,6000,3.9061971865150937,0.003,18,10.166666666666666,61
info,FF,0.002,0,test,95016,SC,67.0,6000,3.199592426834947,0.0016666666666666668,10,5.666666666666667,34
info,FF,0.002,0,test,95017,SC,67.0,6000,3.0034933226494207,0.001,6,5.833333333333333,35
info,FF,0.002,0,test,95018,SC,67.0,6000,3.832909089286153,0.0026666666666666666,16,9.333333333333334,56
info,FF,0.002,0,test,95019,SC,67.0,6000,4.097341890460588,0.002,12,11.5,69
info,FF,0.002,0,test,95020,SC,67.0,6000,3.1556789102244243,0.0028333333333333335,17,8.166666666666666,49
info,FF,0.002,0,calibration,94001,K2,762.6985859023443,6000,3.840599011203708,0.0015,9,8.666666666666666,52
info,FF,0.002,0,calibration,94002,K2,762.6985859023443,6000,2.975920197528237,0.0013333333333333333,8,6.666666666666667,40
info,FF,0.002,0,calibration,94003,K2,762.6985859023443,6000,3.3591480497206616,0.0015,9,6.833333333333333,41
info,FF,0.002,0,calibration,94004,K2,762.6985859023443,6000,3.210142282098562,0.0016666666666666668,10,7.666666666666667,46
info,FF,0.002,0,calibration,94005,K2,762.6985859023443,6000,2.8447498074017674,0.0003333333333333333,2,4.0,24
info,FF,0.002,0,calibration,94006,K2,762.6985859023443,6000,6.017163527216086,0.005333333333333333,32,18.5,111
info,FF,0.002,0,calibration,94007,K2,762.6985859023443,6000,1.8981039330265603,0.0,0,2.6666666666666665,16
info,FF,0.002,0,calibration,94008,K2,762.6985859023443,6000,6.861926618163609,0.005333333333333333,32,20.0,120
info,FF,0.002,0,calibration,94009,K2,762.6985859023443,6000,2.6762014065839117,0.0018333333333333333,11,7.333333333333333,44
info,FF,0.002,0,calibration,94010,K2,762.6985859023443,6000,2.87113287167766,0.0005,3,5.0,30
info,FF,0.002,0,calibration,94011,K2,762.6985859023443,6000,3.8377612512828376,0.0031666666666666666,19,10.5,63
info,FF,0.002,0,calibration,94012,K2,762.6985859023443,6000,2.2779349469770116,0.0,0,2.6666666666666665,16
info,FF,0.002,0,calibration,94013,K2,762.6985859023443,6000,3.3435367872148296,0.001,6,5.166666666666667,31
info,FF,0.002,0,calibration,94014,K2,762.6985859023443,6000,2.4731300912800758,0.0003333333333333333,2,4.0,24
info,FF,0.002,0,calibration,94015,K2,762.6985859023443,6000,1.8461287778175934,0.00016666666666666666,1,4.0,24
info,FF,0.002,0,calibration,94016,K2,762.6985859023443,6000,3.5831046933076567,0.0028333333333333335,17,10.333333333333334,62
info,FF,0.002,0,calibration,94017,K2,762.6985859023443,6000,2.9915979981138254,0.0013333333333333333,8,7.5,45
info,FF,0.002,0,calibration,94018,K2,762.6985859023443,6000,3.9026923439879764,0.001,6,4.833333333333333,29
info,FF,0.002,0,calibration,94019,K2,762.6985859023443,6000,5.386818120334448,0.007333333333333333,44,20.0,120
info,FF,0.002,0,calibration,94020,K2,762.6985859023443,6000,3.6920573402636263,0.0006666666666666666,4,6.833333333333333,41
info,FF,0.002,0,test,95001,K2,762.6985859023443,6000,2.5487972084821062,0.0006666666666666666,4,5.5,33
info,FF,0.002,0,test,95002,K2,762.6985859023443,6000,3.503262153422759,0.002,12,7.166666666666667,43
info,FF,0.002,0,test,95003,K2,762.6985859023443,6000,3.9864881389996234,0.003833333333333333,23,12.833333333333334,77
info,FF,0.002,0,test,95004,K2,762.6985859023443,6000,2.567747109121224,0.0006666666666666666,4,5.666666666666667,34
info,FF,0.002,0,test,95005,K2,762.6985859023443,6000,2.812065928604242,0.0011666666666666668,7,5.0,30
info,FF,0.002,0,test,95006,K2,762.6985859023443,6000,2.0894108894227603,0.0006666666666666666,4,4.333333333333333,26
info,FF,0.002,0,test,95007,K2,762.6985859023443,6000,2.615175580771206,0.0008333333333333334,5,4.333333333333333,26
info,FF,0.002,0,test,95008,K2,762.6985859023443,6000,3.579371318904533,0.0033333333333333335,20,9.333333333333334,56
info,FF,0.002,0,test,95009,K2,762.6985859023443,6000,4.624933244128834,0.0025,15,10.333333333333334,62
info,FF,0.002,0,test,95010,K2,762.6985859023443,6000,4.336861367065229,0.0035,21,12.666666666666666,76
info,FF,0.002,0,test,95011,K2,762.6985859023443,6000,4.223763030479036,0.004333333333333333,26,13.0,78
info,FF,0.002,0,test,95012,K2,762.6985859023443,6000,3.3050536789733673,0.002,12,9.166666666666666,55
info,FF,0.002,0,test,95013,K2,762.6985859023443,6000,3.988639192541359,0.0031666666666666666,19,11.166666666666666,67
info,FF,0.002,0,test,95014,K2,762.6985859023443,6000,2.702036628602542,0.0013333333333333333,8,5.333333333333333,32
info,FF,0.002,0,test,95015,K2,762.6985859023443,6000,3.7695504689423354,0.0023333333333333335,14,8.166666666666666,49
info,FF,0.002,0,test,95016,K2,762.6985859023443,6000,3.651748177566935,0.001,6,5.666666666666667,34
info,FF,0.002,0,test,95017,K2,762.6985859023443,6000,3.1287576670370947,0.0006666666666666666,4,5.5,33
info,FF,0.002,0,test,95018,K2,762.6985859023443,6000,4.262556490636924,0.0033333333333333335,20,9.666666666666666,58
info,FF,0.002,0,test,95019,K2,762.6985859023443,6000,4.191036663374858,0.002,12,10.166666666666666,61
info,FF,0.002,0,test,95020,K2,762.6985859023443,6000,3.764031518552593,0.0028333333333333335,17,9.166666666666666,55
info,FIX,0.01,0,calibration,94001,SC,3.5,6000,3.5877692141750965,0.016,96,43.166666666666664,259
info,FIX,0.01,0,calibration,94002,SC,3.5,6000,2.7983598545622943,0.008333333333333333,50,25.666666666666668,154
info,FIX,0.01,0,calibration,94003,SC,3.5,6000,3.9332155691929365,0.013,78,34.333333333333336,206
info,FIX,0.01,0,calibration,94004,SC,3.5,6000,2.725273504150603,0.01,60,25.0,150
info,FIX,0.01,0,calibration,94005,SC,3.5,6000,2.8790087235369133,0.0095,57,26.666666666666668,160
info,FIX,0.01,0,calibration,94006,SC,3.5,6000,6.085003648266389,0.0085,51,28.333333333333332,170
info,FIX,0.01,0,calibration,94007,SC,3.5,6000,1.7465054531283377,0.004666666666666667,28,16.333333333333332,98
info,FIX,0.01,0,calibration,94008,SC,3.5,6000,6.512721112937344,0.01,60,28.0,168
info,FIX,0.01,0,calibration,94009,SC,3.5,6000,2.974284405962756,0.006166666666666667,37,23.0,138
info,FIX,0.01,0,calibration,94010,SC,3.5,6000,2.960934251466498,0.010666666666666666,64,29.333333333333332,176
info,FIX,0.01,0,calibration,94011,SC,3.5,6000,4.3128475022493085,0.009333333333333334,56,26.333333333333332,158
info,FIX,0.01,0,calibration,94012,SC,3.5,6000,1.9968538968300162,0.0045,27,17.0,102
info,FIX,0.01,0,calibration,94013,SC,3.5,6000,2.61206652936388,0.01,60,28.666666666666668,172
info,FIX,0.01,0,calibration,94014,SC,3.5,6000,2.430936965741238,0.011833333333333333,71,32.666666666666664,196
info,FIX,0.01,0,calibration,94015,SC,3.5,6000,1.8234775091681363,0.007166666666666667,43,21.0,126
info,FIX,0.01,0,calibration,94016,SC,3.5,6000,3.323729356113755,0.0065,39,23.0,138
info,FIX,0.01,0,calibration,94017,SC,3.5,6000,3.1331332214860366,0.009333333333333334,56,26.0,156
info,FIX,0.01,0,calibration,94018,SC,3.5,6000,3.394218141273795,0.01,60,29.0,174
info,FIX,0.01,0,calibration,94019,SC,3.5,6000,6.257160248921619,0.013833333333333333,83,37.0,222
info,FIX,0.01,0,calibration,94020,SC,3.5,6000,3.301898526180703,0.009166666666666667,55,27.833333333333332,167
info,FIX,0.01,0,test,95001,SC,3.5,6000,2.5918524471852353,0.011666666666666667,70,32.0,192
info,FIX,0.01,0,test,95002,SC,3.5,6000,4.126052611647206,0.011166666666666667,67,31.833333333333332,191
info,FIX,0.01,0,test,95003,SC,3.5,6000,3.808708471428754,0.010833333333333334,65,33.0,198
info,FIX,0.01,0,test,95004,SC,3.5,6000,2.7341302016303284,0.009333333333333334,56,25.333333333333332,152
info,FIX,0.01,0,test,95005,SC,3.5,6000,2.720027744927073,0.009,54,27.666666666666668,166
info,FIX,0.01,0,test,95006,SC,3.5,6000,2.63882195102763,0.010166666666666666,61,28.333333333333332,170
info,FIX,0.01,0,test,95007,SC,3.5,6000,2.359007759957803,0.005333333333333333,32,21.0,126
info,FIX,0.01,0,test,95008,SC,3.5,6000,4.252949989807278,0.007833333333333333,47,21.0,126
info,FIX,0.01,0,test,95009,SC,3.5,6000,4.865948614828213,0.014,84,40.0,240
info,FIX,0.01,0,test,95010,SC,3.5,6000,4.214713504558483,0.013833333333333333,83,40.833333333333336,245
info,FIX,0.01,0,test,95011,SC,3.5,6000,3.6867476970191366,0.008833333333333334,53,27.0,162
info,FIX,0.01,0,test,95012,SC,3.5,6000,3.2878287671007262,0.0105,63,30.833333333333332,185
info,FIX,0.01,0,test,95013,SC,3.5,6000,3.9420816653685495,0.011666666666666667,70,31.0,186
info,FIX,0.01,0,test,95014,SC,3.5,6000,3.107135647475726,0.009666666666666667,58,25.666666666666668,154
info,FIX,0.01,0,test,95015,SC,3.5,6000,3.7753225918631625,0.008,48,23.0,138
info,FIX,0.01,0,test,95016,SC,3.5,6000,3.5232090266262124,0.009666666666666667,58,30.0,180
info,FIX,0.01,0,test,95017,SC,3.5,6000,3.200176116695384,0.012,72,35.166666666666664,211
info,FIX,0.01,0,test,95018,SC,3.5,6000,4.801274811074881,0.012,72,34.5,207
info,FIX,0.01,0,test,95019,SC,3.5,6000,4.089080012018696,0.013833333333333333,83,38.333333333333336,230
info,FIX,0.01,0,test,95020,SC,3.5,6000,4.746458158205779,0.008166666666666666,49,24.5,147
info,FIX,0.01,0,calibration,94001,K2,7.626985859023444,6000,3.6396154587592338,0.015833333333333335,95,47.0,282
info,FIX,0.01,0,calibration,94002,K2,7.626985859023444,6000,2.4425906712903758,0.007833333333333333,47,29.0,174
info,FIX,0.01,0,calibration,94003,K2,7.626985859023444,6000,4.078836842108179,0.011833333333333333,71,36.0,216
info,FIX,0.01,0,calibration,94004,K2,7.626985859023444,6000,2.732813966615678,0.009833333333333333,59,29.166666666666668,175
info,FIX,0.01,0,calibration,94005,K2,7.626985859023444,6000,2.830552891635579,0.010166666666666666,61,30.666666666666668,184
info,FIX,0.01,0,calibration,94006,K2,7.626985859023444,6000,6.058433693871957,0.008666666666666666,52,31.333333333333332,188
info,FIX,0.01,0,calibration,94007,K2,7.626985859023444,6000,1.735919077467496,0.005666666666666667,34,22.0,132
info,FIX,0.01,0,calibration,94008,K2,7.626985859023444,6000,6.435078021342059,0.011,66,33.0,198
info,FIX,0.01,0,calibration,94009,K2,7.626985859023444,6000,2.925477966702459,0.006166666666666667,37,27.0,162
info,FIX,0.01,0,calibration,94010,K2,7.626985859023444,6000,3.000745100561905,0.011833333333333333,71,40.666666666666664,244
info,FIX,0.01,0,calibration,94011,K2,7.626985859023444,6000,4.3398776147765625,0.010333333333333333,62,34.333333333333336,206
info,FIX,0.01,0,calibration,94012,K2,7.626985859023444,6000,2.0232937976523986,0.006333333333333333,38,24.666666666666668,148
info,FIX,0.01,0,calibration,94013,K2,7.626985859023444,6000,2.6587677632238416,0.010666666666666666,64,34.333333333333336,206
info,FIX,0.01,0,calibration,94014,K2,7.626985859023444,6000,2.2792158007044763,0.0125,75,39.0,234
info,FIX,0.01,0,calibration,94015,K2,7.626985859023444,6000,1.7723456115119074,0.006666666666666667,40,25.0,150
info,FIX,0.01,0,calibration,94016,K2,7.626985859023444,6000,3.326847461455502,0.007666666666666666,46,30.333333333333332,182
info,FIX,0.01,0,calibration,94017,K2,7.626985859023444,6000,3.127821276790489,0.008833333333333334,53,29.666666666666668,178
info,FIX,0.01,0,calibration,94018,K2,7.626985859023444,6000,3.3292655727302245,0.010333333333333333,62,33.0,198
info,FIX,0.01,0,calibration,94019,K2,7.626985859023444,6000,6.213146746309829,0.014333333333333333,86,41.666666666666664,250
info,FIX,0.01,0,calibration,94020,K2,7.626985859023444,6000,3.2370534021724513,0.010666666666666666,64,35.5,213
info,FIX,0.01,0,test,95001,K2,7.626985859023444,6000,2.761401981476864,0.012833333333333334,77,36.333333333333336,218
info,FIX,0.01,0,test,95002,K2,7.626985859023444,6000,4.241509024228298,0.010333333333333333,62,34.833333333333336,209
info,FIX,0.01,0,test,95003,K2,7.626985859023444,6000,3.86406023790759,0.011166666666666667,67,37.666666666666664,226
info,FIX,0.01,0,test,95004,K2,7.626985859023444,6000,2.687357243214001,0.0105,63,33.666666666666664,202
info,FIX,0.01,0,test,95005,K2,7.626985859023444,6000,2.6953074024336043,0.010333333333333333,62,34.333333333333336,206
info,FIX,0.01,0,test,95006,K2,7.626985859023444,6000,2.5072803245018993,0.013,78,41.0,246
info,FIX,0.01,0,test,95007,K2,7.626985859023444,6000,2.3676913529731,0.007,42,26.666666666666668,160
info,FIX,0.01,0,test,95008,K2,7.626985859023444,6000,4.282995531831726,0.008333333333333333,50,26.666666666666668,160
info,FIX,0.01,0,test,95009,K2,7.626985859023444,6000,4.877694715784776,0.015333333333333332,92,45.666666666666664,274
info,FIX,0.01,0,test,95010,K2,7.626985859023444,6000,4.162246094761839,0.014,84,43.833333333333336,263
info,FIX,0.01,0,test,95011,K2,7.626985859023444,6000,3.6996564607974203,0.008833333333333334,53,31.0,186
info,FIX,0.01,0,test,95012,K2,7.626985859023444,6000,3.3189442524625212,0.011333333333333334,68,38.5,231
info,FIX,0.01,0,test,95013,K2,7.626985859023444,6000,4.024607432359575,0.011,66,34.333333333333336,206
info,FIX,0.01,0,test,95014,K2,7.626985859023444,6000,3.118601004392677,0.011166666666666667,67,34.0,204
info,FIX,0.01,0,test,95015,K2,7.626985859023444,6000,3.7562456544385627,0.007833333333333333,47,26.666666666666668,160
info,FIX,0.01,0,test,95016,K2,7.626985859023444,6000,3.546913390582562,0.011333333333333334,68,36.666666666666664,220
info,FIX,0.01,0,test,95017,K2,7.626985859023444,6000,3.0849487271777574,0.011833333333333333,71,39.166666666666664,235
info,FIX,0.01,0,test,95018,K2,7.626985859023444,6000,4.875742986144952,0.012333333333333333,74,37.5,225
info,FIX,0.01,0,test,95019,K2,7.626985859023444,6000,4.19989282416888,0.014166666666666666,85,43.666666666666664,262
info,FIX,0.01,0,test,95020,K2,7.626985859023444,6000,4.668265266026772,0.009166666666666667,55,31.5,189
info,SYM,0.01,0,calibration,94001,SC,0.0,6000,2.806755535086059,0.010333333333333333,62,85.16666666666667,511
info,SYM,0.01,0,calibration,94002,SC,0.0,6000,2.1288008747145297,0.007666666666666666,46,91.0,546
info,SYM,0.01,0,calibration,94003,SC,0.0,6000,2.643352588662326,0.008166666666666666,49,75.83333333333333,455
info,SYM,0.01,0,calibration,94004,SC,0.0,6000,2.1382642324079857,0.006,36,77.5,465
info,SYM,0.01,0,calibration,94005,SC,0.0,6000,2.207868793148708,0.007166666666666667,43,108.66666666666667,652
info,SYM,0.01,0,calibration,94006,SC,0.0,6000,5.075772429185623,0.009666666666666667,58,118.66666666666667,712
info,SYM,0.01,0,calibration,94007,SC,0.0,6000,1.4846634678142887,0.0045,27,83.83333333333333,503
info,SYM,0.01,0,calibration,94008,SC,0.0,6000,5.387426184132172,0.007666666666666666,46,81.66666666666667,490
info,SYM,0.01,0,calibration,94009,SC,0.0,6000,2.0243485783454136,0.008,48,85.83333333333333,515
info,SYM,0.01,0,calibration,94010,SC,0.0,6000,2.414270704893991,0.007833333333333333,47,79.5,477
info,SYM,0.01,0,calibration,94011,SC,0.0,6000,3.1901542260187017,0.008166666666666666,49,91.5,549
info,SYM,0.01,0,calibration,94012,SC,0.0,6000,1.553833150313512,0.0035,21,79.83333333333333,479
info,SYM,0.01,0,calibration,94013,SC,0.0,6000,2.087967799035339,0.008666666666666666,52,89.83333333333333,539
info,SYM,0.01,0,calibration,94014,SC,0.0,6000,1.8073395578973426,0.006333333333333333,38,90.5,543
info,SYM,0.01,0,calibration,94015,SC,0.0,6000,1.448642347893788,0.0036666666666666666,22,74.66666666666667,448
info,SYM,0.01,0,calibration,94016,SC,0.0,6000,2.862516658269552,0.0036666666666666666,22,72.83333333333333,437
info,SYM,0.01,0,calibration,94017,SC,0.0,6000,1.9809014462342427,0.008,48,98.33333333333333,590
info,SYM,0.01,0,calibration,94018,SC,0.0,6000,2.9047278733790574,0.007833333333333333,47,84.66666666666667,508
info,SYM,0.01,0,calibration,94019,SC,0.0,6000,4.731168271226978,0.010666666666666666,64,100.33333333333333,602
info,SYM,0.01,0,calibration,94020,SC,0.0,6000,2.423059779428529,0.007333333333333333,44,77.16666666666667,463
info,SYM,0.01,0,test,95001,SC,0.0,6000,1.857954176251124,0.007666666666666666,46,97.0,582
info,SYM,0.01,0,test,95002,SC,0.0,6000,3.001586649807263,0.007,42,83.16666666666667,499
info,SYM,0.01,0,test,95003,SC,0.0,6000,2.744241198155122,0.010166666666666666,61,97.33333333333333,584
info,SYM,0.01,0,test,95004,SC,0.0,6000,1.938433448788779,0.008,48,90.83333333333333,545
info,SYM,0.01,0,test,95005,SC,0.0,6000,2.1012433654472615,0.004833333333333334,29,81.33333333333333,488
info,SYM,0.01,0,test,95006,SC,0.0,6000,1.7140491877045212,0.006,36,102.66666666666667,616
info,SYM,0.01,0,test,95007,SC,0.0,6000,1.9447293127081176,0.004666666666666667,28,91.66666666666667,550
info,SYM,0.01,0,test,95008,SC,0.0,6000,3.1158982078745514,0.006666666666666667,40,85.33333333333333,512
info,SYM,0.01,0,test,95009,SC,0.0,6000,3.6126743166496698,0.012833333333333334,77,94.33333333333333,566
info,SYM,0.01,0,test,95010,SC,0.0,6000,3.4549844282996904,0.010166666666666666,61,86.5,519
info,SYM,0.01,0,test,95011,SC,0.0,6000,3.2698370138301014,0.006,36,93.0,558
info,SYM,0.01,0,test,95012,SC,0.0,6000,2.369535152496851,0.0065,39,89.83333333333333,539
info,SYM,0.01,0,test,95013,SC,0.0,6000,3.0648146382407466,0.007833333333333333,47,76.83333333333333,461
info,SYM,0.01,0,test,95014,SC,0.0,6000,2.2853553478505497,0.005666666666666667,34,75.0,450
info,SYM,0.01,0,test,95015,SC,0.0,6000,3.2167488199416847,0.005833333333333334,35,88.83333333333333,533
info,SYM,0.01,0,test,95016,SC,0.0,6000,2.4840090746415466,0.009666666666666667,58,87.66666666666667,526
info,SYM,0.01,0,test,95017,SC,0.0,6000,2.287787839114767,0.008333333333333333,50,81.83333333333333,491
info,SYM,0.01,0,test,95018,SC,0.0,6000,3.224856221802475,0.013,78,91.33333333333333,548
info,SYM,0.01,0,test,95019,SC,0.0,6000,3.0960317290231774,0.008166666666666666,49,81.83333333333333,491
info,SYM,0.01,0,test,95020,SC,0.0,6000,2.50706189165252,0.007166666666666667,43,85.83333333333333,515
info,SYM,0.01,0,calibration,94001,K2,100.0,6000,2.734795525508937,0.0025,15,47.166666666666664,283
info,SYM,0.01,0,calibration,94002,K2,100.0,6000,2.134898989119631,0.0008333333333333334,5,42.666666666666664,256
info,SYM,0.01,0,calibration,94003,K2,100.0,6000,2.531761623810109,0.0015,9,38.166666666666664,229
info,SYM,0.01,0,calibration,94004,K2,100.0,6000,2.1235175963638393,0.0015,9,44.833333333333336,269
info,SYM,0.01,0,calibration,94005,K2,100.0,6000,2.175387848798924,0.0015,9,56.166666666666664,337
info,SYM,0.01,0,calibration,94006,K2,100.0,6000,5.056466794827277,0.0025,15,57.666666666666664,346
info,SYM,0.01,0,calibration,94007,K2,100.0,6000,1.4763971705199967,0.00016666666666666666,1,46.5,279
info,SYM,0.01,0,calibration,94008,K2,100.0,6000,5.3504446634299585,0.0016666666666666668,10,37.333333333333336,224
info,SYM,0.01,0,calibration,94009,K2,100.0,6000,2.0120196109884083,0.0011666666666666668,7,46.166666666666664,277
info,SYM,0.01,0,calibration,94010,K2,100.0,6000,2.368544178913334,0.0013333333333333333,8,39.833333333333336,239
info,SYM,0.01,0,calibration,94011,K2,100.0,6000,3.1194021382601327,0.001,6,45.5,273
info,SYM,0.01,0,calibration,94012,K2,100.0,6000,1.5577779230347735,0.0006666666666666666,4,44.166666666666664,265
info,SYM,0.01,0,calibration,94013,K2,100.0,6000,2.0741609117889586,0.0021666666666666666,13,46.166666666666664,277
info,SYM,0.01,0,calibration,94014,K2,100.0,6000,1.8334611717381886,0.0003333333333333333,2,46.833333333333336,281
info,SYM,0.01,0,calibration,94015,K2,100.0,6000,1.488124037163294,0.0005,3,43.666666666666664,262
info,SYM,0.01,0,calibration,94016,K2,100.0,6000,2.8450359783420374,0.0006666666666666666,4,45.5,273
info,SYM,0.01,0,calibration,94017,K2,100.0,6000,1.9603378528708555,0.0015,9,51.0,306
info,SYM,0.01,0,calibration,94018,K2,100.0,6000,2.8132103671119055,0.0016666666666666668,10,39.666666666666664,238
info,SYM,0.01,0,calibration,94019,K2,100.0,6000,4.635044417284562,0.002,12,53.666666666666664,322
info,SYM,0.01,0,calibration,94020,K2,100.0,6000,2.3352159758275697,0.0015,9,43.5,261
info,SYM,0.01,0,test,95001,K2,100.0,6000,1.8829530470983258,0.0016666666666666668,10,49.666666666666664,298
info,SYM,0.01,0,test,95002,K2,100.0,6000,2.9994358343376617,0.0011666666666666668,7,48.833333333333336,293
info,SYM,0.01,0,test,95003,K2,100.0,6000,2.7006323857490195,0.0015,9,54.5,327
info,SYM,0.01,0,test,95004,K2,100.0,6000,1.9055259612773943,0.0003333333333333333,2,40.166666666666664,241
info,SYM,0.01,0,test,95005,K2,100.0,6000,2.1147071213475805,0.0006666666666666666,4,43.0,258
info,SYM,0.01,0,test,95006,K2,100.0,6000,1.7018810346738265,0.0008333333333333334,5,61.333333333333336,368
info,SYM,0.01,0,test,95007,K2,100.0,6000,1.9790175689334684,0.0005,3,51.0,306
info,SYM,0.01,0,test,95008,K2,100.0,6000,3.0351232276772984,0.0013333333333333333,8,45.0,270
info,SYM,0.01,0,test,95009,K2,100.0,6000,3.513227517430655,0.0025,15,48.0,288
info,SYM,0.01,0,test,95010,K2,100.0,6000,3.415668031485782,0.0025,15,46.166666666666664,277
info,SYM,0.01,0,test,95011,K2,100.0,6000,3.2829474438370494,0.002,12,45.666666666666664,274
info,SYM,0.01,0,test,95012,K2,100.0,6000,2.3427254771316934,0.002,12,54.5,327
info,SYM,0.01,0,test,95013,K2,100.0,6000,2.990768429102996,0.0013333333333333333,8,41.833333333333336,251
info,SYM,0.01,0,test,95014,K2,100.0,6000,2.2409792440176837,0.0008333333333333334,5,41.0,246
info,SYM,0.01,0,test,95015,K2,100.0,6000,3.1865496204598367,0.0008333333333333334,5,54.166666666666664,325
info,SYM,0.01,0,test,95016,K2,100.0,6000,2.4193038714930704,0.0025,15,43.333333333333336,260
info,SYM,0.01,0,test,95017,K2,100.0,6000,2.274280346099975,0.0015,9,39.5,237
info,SYM,0.01,0,test,95018,K2,100.0,6000,3.126970428860072,0.0025,15,43.666666666666664,262
info,SYM,0.01,0,test,95019,K2,100.0,6000,3.0735992430168104,0.0026666666666666666,16,44.166666666666664,265
info,SYM,0.01,0,test,95020,K2,100.0,6000,2.4486170727842995,0.0011666666666666668,7,42.166666666666664,253
info,FF,0.01,0,calibration,94001,SC,31.0,6000,3.3569319302762204,0.004333333333333333,26,14.666666666666666,88
info,FF,0.01,0,calibration,94002,SC,31.0,6000,2.7181545504323483,0.0035,21,11.333333333333334,68
info,FF,0.01,0,calibration,94003,SC,31.0,6000,3.114215790949852,0.005666666666666667,34,13.833333333333334,83
info,FF,0.01,0,calibration,94004,SC,31.0,6000,2.650029210100619,0.003833333333333333,23,12.666666666666666,76
info,FF,0.01,0,calibration,94005,SC,31.0,6000,2.68857709986074,0.003,18,9.333333333333334,56
info,FF,0.01,0,calibration,94006,SC,31.0,6000,5.583397923778821,0.009,54,27.833333333333332,167
info,FF,0.01,0,calibration,94007,SC,31.0,6000,1.7081317619310619,0.00016666666666666666,1,2.3333333333333335,14
info,FF,0.01,0,calibration,94008,SC,31.0,6000,6.076137503702538,0.012166666666666666,73,34.0,204
info,FF,0.01,0,calibration,94009,SC,31.0,6000,2.577687025013256,0.0033333333333333335,20,11.333333333333334,68
info,FF,0.01,0,calibration,94010,SC,31.0,6000,2.807447236696562,0.0031666666666666666,19,11.0,66
info,FF,0.01,0,calibration,94011,SC,31.0,6000,3.895629215789931,0.007166666666666667,43,18.833333333333332,113
info,FF,0.01,0,calibration,94012,SC,31.0,6000,2.0584767863436,0.0011666666666666668,7,5.0,30
info,FF,0.01,0,calibration,94013,SC,31.0,6000,2.550640873598008,0.0026666666666666666,16,8.5,51
info,FF,0.01,0,calibration,94014,SC,31.0,6000,2.3082970162216436,0.0011666666666666668,7,7.666666666666667,46
info,FF,0.01,0,calibration,94015,SC,31.0,6000,1.8061130698591,0.0003333333333333333,2,3.3333333333333335,20
info,FF,0.01,0,calibration,94016,SC,31.0,6000,3.3938962175007914,0.004833333333333334,29,14.666666666666666,88
info,FF,0.01,0,calibration,94017,SC,31.0,6000,2.530845112940537,0.0026666666666666666,16,10.5,63
info,FF,0.01,0,calibration,94018,SC,31.0,6000,3.2502823954069893,0.004166666666666667,25,13.5,81
info,FF,0.01,0,calibration,94019,SC,31.0,6000,5.3626587909611265,0.011333333333333334,68,28.0,168
info,FF,0.01,0,calibration,94020,SC,31.0,6000,3.1536734073312727,0.0055,33,15.5,93
info,FF,0.01,0,test,95001,SC,31.0,6000,2.3224163154812003,0.0021666666666666666,13,10.0,60
info,FF,0.01,0,test,95002,SC,31.0,6000,3.593561414998036,0.0055,33,15.5,93
info,FF,0.01,0,test,95003,SC,31.0,6000,3.409057217692054,0.006166666666666667,37,18.5,111
info,FF,0.01,0,test,95004,SC,31.0,6000,2.4228303942289733,0.0025,15,9.833333333333334,59
info,FF,0.01,0,test,95005,SC,31.0,6000,2.6047118052255662,0.0028333333333333335,17,9.333333333333334,56
info,FF,0.01,0,test,95006,SC,31.0,6000,2.0358080754539345,0.0013333333333333333,8,5.666666666666667,34
info,FF,0.01,0,test,95007,SC,31.0,6000,2.242819848361787,0.0016666666666666668,10,7.0,42
info,FF,0.01,0,test,95008,SC,31.0,6000,3.5724754743942286,0.006833333333333334,41,17.333333333333332,104
info,FF,0.01,0,test,95009,SC,31.0,6000,4.078311156121688,0.006666666666666667,40,20.333333333333332,122
info,FF,0.01,0,test,95010,SC,31.0,6000,4.028855312247358,0.007,42,21.0,126
info,FF,0.01,0,test,95011,SC,31.0,6000,3.8938294807500147,0.006833333333333334,41,19.0,114
info,FF,0.01,0,test,95012,SC,31.0,6000,2.9337776239934543,0.005,30,15.5,93
info,FF,0.01,0,test,95013,SC,31.0,6000,3.812243493885504,0.007333333333333333,44,20.5,123
info,FF,0.01,0,test,95014,SC,31.0,6000,2.742034004062279,0.0036666666666666666,22,9.666666666666666,58
info,FF,0.01,0,test,95015,SC,31.0,6000,3.769735190180337,0.006166666666666667,37,15.833333333333334,95
info,FF,0.01,0,test,95016,SC,31.0,6000,2.8464645884612056,0.0036666666666666666,22,12.0,72
info,FF,0.01,0,test,95017,SC,31.0,6000,2.8851347912646714,0.004166666666666667,25,13.833333333333334,83
info,FF,0.01,0,test,95018,SC,31.0,6000,3.9222041257908153,0.007666666666666666,46,21.333333333333332,128
info,FF,0.01,0,test,95019,SC,31.0,6000,3.827303802880134,0.0055,33,18.833333333333332,113
info,FF,0.01,0,test,95020,SC,31.0,6000,3.3621400400063357,0.006666666666666667,40,16.666666666666668,100
info,FF,0.01,0,calibration,94001,K2,196.84194472866113,6000,3.435942207019953,0.005166666666666667,31,17.5,105
info,FF,0.01,0,calibration,94002,K2,196.84194472866113,6000,2.7804629540703334,0.004333333333333333,26,13.333333333333334,80
info,FF,0.01,0,calibration,94003,K2,196.84194472866113,6000,3.1910378682572023,0.005833333333333334,35,16.5,99
info,FF,0.01,0,calibration,94004,K2,196.84194472866113,6000,2.6783773267192172,0.0045,27,15.0,90
info,FF,0.01,0,calibration,94005,K2,196.84194472866113,6000,2.622158109173817,0.0036666666666666666,22,11.0,66
info,FF,0.01,0,calibration,94006,K2,196.84194472866113,6000,5.618107341604713,0.009333333333333334,56,29.5,177
info,FF,0.01,0,calibration,94007,K2,196.84194472866113,6000,1.6334147333322968,0.00016666666666666666,1,2.6666666666666665,16
info,FF,0.01,0,calibration,94008,K2,196.84194472866113,6000,6.1081988534947715,0.010666666666666666,64,34.333333333333336,206
info,FF,0.01,0,calibration,94009,K2,196.84194472866113,6000,2.582443483010958,0.004,24,13.333333333333334,80
info,FF,0.01,0,calibration,94010,K2,196.84194472866113,6000,2.7996249249416736,0.004,24,13.666666666666666,82
info,FF,0.01,0,calibration,94011,K2,196.84194472866113,6000,3.832602926375026,0.007166666666666667,43,19.166666666666668,115
info,FF,0.01,0,calibration,94012,K2,196.84194472866113,6000,1.9298436411238442,0.001,6,5.333333333333333,32
info,FF,0.01,0,calibration,94013,K2,196.84194472866113,6000,2.7223074185867224,0.0035,21,12.166666666666666,73
info,FF,0.01,0,calibration,94014,K2,196.84194472866113,6000,2.287507739952585,0.002,12,9.0,54
info,FF,0.01,0,calibration,94015,K2,196.84194472866113,6000,1.7068463380584162,0.0003333333333333333,2,4.666666666666667,28
info,FF,0.01,0,calibration,94016,K2,196.84194472866113,6000,3.4442884950146753,0.005666666666666667,34,16.333333333333332,98
info,FF,0.01,0,calibration,94017,K2,196.84194472866113,6000,2.651685447676675,0.004333333333333333,26,14.5,87
info,FF,0.01,0,calibration,94018,K2,196.84194472866113,6000,3.259754453152062,0.0033333333333333335,20,12.166666666666666,73
info,FF,0.01,0,calibration,94019,K2,196.84194472866113,6000,5.607338611380163,0.013166666666666667,79,32.0,192
info,FF,0.01,0,calibration,94020,K2,196.84194472866113,6000,3.1016410384484043,0.0055,33,15.833333333333334,95
info,FF,0.01,0,test,95001,K2,196.84194472866113,6000,2.3433095985129806,0.0026666666666666666,16,11.666666666666666,70
info,FF,0.01,0,test,95002,K2,196.84194472866113,6000,3.5659853803480934,0.006,36,16.166666666666668,97
info,FF,0.01,0,test,95003,K2,196.84194472866113,6000,3.4343615113754615,0.0065,39,20.5,123
info,FF,0.01,0,test,95004,K2,196.84194472866113,6000,2.3870870499393284,0.0036666666666666666,22,11.833333333333334,71
info,FF,0.01,0,test,95005,K2,196.84194472866113,6000,2.525869509976528,0.0033333333333333335,20,10.333333333333334,62
info,FF,0.01,0,test,95006,K2,196.84194472866113,6000,1.9994347754709587,0.0015,9,8.0,48
info,FF,0.01,0,test,95007,K2,196.84194472866113,6000,2.3160232829510554,0.0025,15,8.666666666666666,52
info,FF,0.01,0,test,95008,K2,196.84194472866113,6000,3.5351447158053597,0.007333333333333333,44,18.333333333333332,110
info,FF,0.01,0,test,95009,K2,196.84194472866113,6000,4.202212841069559,0.007666666666666666,46,23.0,138
info,FF,0.01,0,test,95010,K2,196.84194472866113,6000,4.110226062653186,0.008333333333333333,50,25.666666666666668,154
info,FF,0.01,0,test,95011,K2,196.84194472866113,6000,3.860406846084178,0.007833333333333333,47,21.0,126
info,FF,0.01,0,test,95012,K2,196.84194472866113,6000,2.89737255494647,0.0065,39,18.166666666666668,109
info,FF,0.01,0,test,95013,K2,196.84194472866113,6000,3.8721509631472535,0.009,54,24.833333333333332,149
info,FF,0.01,0,test,95014,K2,196.84194472866113,6000,2.55451888101082,0.003,18,9.0,54
info,FF,0.01,0,test,95015,K2,196.84194472866113,6000,3.6355782209581347,0.006166666666666667,37,16.5,99
info,FF,0.01,0,test,95016,K2,196.84194472866113,6000,3.0753622510716263,0.004333333333333333,26,15.333333333333334,92
info,FF,0.01,0,test,95017,K2,196.84194472866113,6000,2.8624828375507936,0.0045,27,15.5,93
info,FF,0.01,0,test,95018,K2,196.84194472866113,6000,4.031627716321583,0.008833333333333334,53,24.5,147
info,FF,0.01,0,test,95019,K2,196.84194472866113,6000,3.8292187514593823,0.005666666666666667,34,19.166666666666668,115
info,FF,0.01,0,test,95020,K2,196.84194472866113,6000,3.4579828470178904,0.007666666666666666,46,19.833333333333332,119
info,FIX,0.002,30,calibration,94001,SC,6.5,6000,6.185015699559899,0.0028333333333333335,17,11.666666666666666,70
info,FIX,0.002,30,calibration,94002,SC,6.5,6000,3.5803139572736713,0.0015,9,7.666666666666667,46
info,FIX,0.002,30,calibration,94003,SC,6.5,6000,7.1056724345549895,0.002,12,10.0,60
info,FIX,0.002,30,calibration,94004,SC,6.5,6000,3.082549892734147,0.002,12,7.666666666666667,46
info,FIX,0.002,30,calibration,94005,SC,6.5,6000,4.399531167275365,0.0013333333333333333,8,8.0,48
info,FIX,0.002,30,calibration,94006,SC,6.5,6000,7.260599931065927,0.0016666666666666668,10,10.666666666666666,64
info,FIX,0.002,30,calibration,94007,SC,6.5,6000,2.3155506906208028,0.0011666666666666668,7,7.0,42
info,FIX,0.002,30,calibration,94008,SC,6.5,6000,8.915915259877316,0.002,12,10.333333333333334,62
info,FIX,0.002,30,calibration,94009,SC,6.5,6000,3.2348295225770496,0.0015,9,8.333333333333334,50
info,FIX,0.002,30,calibration,94010,SC,6.5,6000,3.7323628624985346,0.0011666666666666668,7,9.0,54
info,FIX,0.002,30,calibration,94011,SC,6.5,6000,6.237613633729235,0.0021666666666666666,13,10.833333333333334,65
info,FIX,0.002,30,calibration,94012,SC,6.5,6000,2.3391635642982735,0.0006666666666666666,4,6.0,36
info,FIX,0.002,30,calibration,94013,SC,6.5,6000,4.088968399975522,0.002,12,9.666666666666666,58
info,FIX,0.002,30,calibration,94014,SC,6.5,6000,3.785098645481033,0.0023333333333333335,14,10.333333333333334,62
info,FIX,0.002,30,calibration,94015,SC,6.5,6000,2.4481034837626714,0.0011666666666666668,7,7.666666666666667,46
info,FIX,0.002,30,calibration,94016,SC,6.5,6000,5.005707145316379,0.0013333333333333333,8,9.0,54
info,FIX,0.002,30,calibration,94017,SC,6.5,6000,5.1014973784344715,0.0013333333333333333,8,9.333333333333334,56
info,FIX,0.002,30,calibration,94018,SC,6.5,6000,5.297307727685904,0.0025,15,10.333333333333334,62
info,FIX,0.002,30,calibration,94019,SC,6.5,6000,7.715353933514252,0.0025,15,11.666666666666666,70
info,FIX,0.002,30,calibration,94020,SC,6.5,6000,4.075459442314281,0.0015,9,8.5,51
info,FIX,0.002,30,test,95001,SC,6.5,6000,4.78698467422387,0.0013333333333333333,8,8.333333333333334,50
info,FIX,0.002,30,test,95002,SC,6.5,6000,6.036771492212932,0.0015,9,9.666666666666666,58
info,FIX,0.002,30,test,95003,SC,6.5,6000,5.7229916584054665,0.0028333333333333335,17,11.0,66
info,FIX,0.002,30,test,95004,SC,6.5,6000,4.791773057732479,0.0018333333333333333,11,8.666666666666666,52
info,FIX,0.002,30,test,95005,SC,6.5,6000,5.432117187759804,0.0018333333333333333,11,9.0,54
info,FIX,0.002,30,test,95006,SC,6.5,6000,4.305979092541687,0.0031666666666666666,19,10.333333333333334,62
info,FIX,0.002,30,test,95007,SC,6.5,6000,2.9226493641175675,0.001,6,7.833333333333333,47
info,FIX,0.002,30,test,95008,SC,6.5,6000,5.858404955302106,0.0021666666666666666,13,7.0,42
info,FIX,0.002,30,test,95009,SC,6.5,6000,8.331506181484768,0.0026666666666666666,16,11.666666666666666,70
info,FIX,0.002,30,test,95010,SC,6.5,6000,4.824254054780872,0.0025,15,11.5,69
info,FIX,0.002,30,test,95011,SC,6.5,6000,4.785355928512877,0.0016666666666666668,10,9.0,54
info,FIX,0.002,30,test,95012,SC,6.5,6000,4.774900414468618,0.0016666666666666668,10,9.833333333333334,59
info,FIX,0.002,30,test,95013,SC,6.5,6000,6.007369058849204,0.0025,15,10.833333333333334,65
info,FIX,0.002,30,test,95014,SC,6.5,6000,4.583115534051383,0.0016666666666666668,10,7.333333333333333,44
info,FIX,0.002,30,test,95015,SC,6.5,6000,4.34724241802054,0.0013333333333333333,8,7.0,42
info,FIX,0.002,30,test,95016,SC,6.5,6000,4.462230660225845,0.0015,9,10.0,60
info,FIX,0.002,30,test,95017,SC,6.5,6000,5.289810338668813,0.0028333333333333335,17,11.333333333333334,68
info,FIX,0.002,30,test,95018,SC,6.5,6000,7.345883163378404,0.003,18,10.166666666666666,61
info,FIX,0.002,30,test,95019,SC,6.5,6000,6.000088377214179,0.002,12,10.0,60
info,FIX,0.002,30,test,95020,SC,6.5,6000,6.835882347507622,0.0013333333333333333,8,7.833333333333333,47
info,FIX,0.002,30,calibration,94001,K2,338.38551534282334,6000,4.665752021376034,0.0008333333333333334,5,9.5,57
info,FIX,0.002,30,calibration,94002,K2,338.38551534282334,6000,3.065718504103832,0.0,0,7.0,42
info,FIX,0.002,30,calibration,94003,K2,338.38551534282334,6000,6.191786007399993,0.0005,3,5.5,33
info,FIX,0.002,30,calibration,94004,K2,338.38551534282334,6000,2.8959968802280036,0.0003333333333333333,2,7.0,42
info,FIX,0.002,30,calibration,94005,K2,338.38551534282334,6000,3.390034908086426,0.00016666666666666666,1,6.0,36
info,FIX,0.002,30,calibration,94006,K2,338.38551534282334,6000,7.063858437293938,0.0003333333333333333,2,6.666666666666667,40
info,FIX,0.002,30,calibration,94007,K2,338.38551534282334,6000,1.8401114708241548,0.0,0,5.0,30
info,FIX,0.002,30,calibration,94008,K2,338.38551534282334,6000,7.658689157706393,0.0003333333333333333,2,7.0,42
info,FIX,0.002,30,calibration,94009,K2,338.38551534282334,6000,3.8245439991460572,0.0003333333333333333,2,6.666666666666667,40
info,FIX,0.002,30,calibration,94010,K2,338.38551534282334,6000,3.380352866463439,0.0005,3,7.666666666666667,46
info,FIX,0.002,30,calibration,94011,K2,338.38551534282334,6000,5.8487261651445515,0.0005,3,7.333333333333333,44
info,FIX,0.002,30,calibration,94012,K2,338.38551534282334,6000,2.11293557448394,0.0003333333333333333,2,4.333333333333333,26
info,FIX,0.002,30,calibration,94013,K2,338.38551534282334,6000,2.6690344421588756,0.0003333333333333333,2,7.5,45
info,FIX,0.002,30,calibration,94014,K2,338.38551534282334,6000,3.1116232508209705,0.00016666666666666666,1,7.0,42
info,FIX,0.002,30,calibration,94015,K2,338.38551534282334,6000,1.681130953871304,0.0,0,7.666666666666667,46
info,FIX,0.002,30,calibration,94016,K2,338.38551534282334,6000,3.955424061172662,0.0006666666666666666,4,7.333333333333333,44
info,FIX,0.002,30,calibration,94017,K2,338.38551534282334,6000,3.5889036385987207,0.0003333333333333333,2,6.333333333333333,38
info,FIX,0.002,30,calibration,94018,K2,338.38551534282334,6000,3.3004406102950665,0.00016666666666666666,1,6.333333333333333,38
info,FIX,0.002,30,calibration,94019,K2,338.38551534282334,6000,6.176680370645954,0.0005,3,8.333333333333334,50
info,FIX,0.002,30,calibration,94020,K2,338.38551534282334,6000,4.3341575198888735,0.0003333333333333333,2,9.166666666666666,55
info,FIX,0.002,30,test,95001,K2,338.38551534282334,6000,4.276743670214264,0.0003333333333333333,2,7.0,42
info,FIX,0.002,30,test,95002,K2,338.38551534282334,6000,5.655407365386203,0.0006666666666666666,4,10.5,63
info,FIX,0.002,30,test,95003,K2,338.38551534282334,6000,4.654351162089625,0.0006666666666666666,4,9.0,54
info,FIX,0.002,30,test,95004,K2,338.38551534282334,6000,3.904121311335664,0.0003333333333333333,2,5.0,30
info,FIX,0.002,30,test,95005,K2,338.38551534282334,6000,2.9376744016146175,0.0,0,7.0,42
info,FIX,0.002,30,test,95006,K2,338.38551534282334,6000,2.6757001193823435,0.0005,3,10.0,60
info,FIX,0.002,30,test,95007,K2,338.38551534282334,6000,2.7471422250708923,0.00016666666666666666,1,5.333333333333333,32
info,FIX,0.002,30,test,95008,K2,338.38551534282334,6000,4.682542931933844,0.0013333333333333333,8,6.666666666666667,40
info,FIX,0.002,30,test,95009,K2,338.38551534282334,6000,6.7919269043354,0.001,6,9.333333333333334,56
info,FIX,0.002,30,test,95010,K2,338.38551534282334,6000,5.76498950069341,0.0005,3,8.666666666666666,52
info,FIX,0.002,30,test,95011,K2,338.38551534282334,6000,4.022278620561258,0.00016666666666666666,1,7.666666666666667,46
info,FIX,0.002,30,test,95012,K2,338.38551534282334,6000,3.936100604236362,0.00016666666666666666,1,6.5,39
info,FIX,0.002,30,test,95013,K2,338.38551534282334,6000,5.698973731297907,0.001,6,7.5,45
info,FIX,0.002,30,test,95014,K2,338.38551534282334,6000,3.5450138945240735,0.0003333333333333333,2,5.333333333333333,32
info,FIX,0.002,30,test,95015,K2,338.38551534282334,6000,4.020329831692297,0.0005,3,6.666666666666667,40
info,FIX,0.002,30,test,95016,K2,338.38551534282334,6000,4.955826917373658,0.00016666666666666666,1,9.666666666666666,58
info,FIX,0.002,30,test,95017,K2,338.38551534282334,6000,4.546666788951423,0.0006666666666666666,4,8.166666666666666,49
info,FIX,0.002,30,test,95018,K2,338.38551534282334,6000,8.648285678684761,0.0008333333333333334,5,7.166666666666667,43
info,FIX,0.002,30,test,95019,K2,338.38551534282334,6000,6.007625935679104,0.0003333333333333333,2,9.0,54
info,FIX,0.002,30,test,95020,K2,338.38551534282334,6000,5.1511382058379995,0.0006666666666666666,4,7.833333333333333,47
info,SYM,0.002,30,calibration,94001,SC,37.0,6000,3.6786641824863526,0.00016666666666666666,1,6.0,36
info,SYM,0.002,30,calibration,94002,SC,37.0,6000,2.891871758829049,0.0,0,4.666666666666667,28
info,SYM,0.002,30,calibration,94003,SC,37.0,6000,4.488419199429392,0.0,0,3.1666666666666665,19
info,SYM,0.002,30,calibration,94004,SC,37.0,6000,3.2582796987627054,0.0005,3,4.666666666666667,28
info,SYM,0.002,30,calibration,94005,SC,37.0,6000,2.9042888426116975,0.0003333333333333333,2,4.0,24
info,SYM,0.002,30,calibration,94006,SC,37.0,6000,6.22708197467715,0.0003333333333333333,2,4.833333333333333,29
info,SYM,0.002,30,calibration,94007,SC,37.0,6000,1.7219547209831176,0.0,0,2.3333333333333335,14
info,SYM,0.002,30,calibration,94008,SC,37.0,6000,6.367786592328815,0.0005,3,4.666666666666667,28
info,SYM,0.002,30,calibration,94009,SC,37.0,6000,3.252892696267771,0.00016666666666666666,1,4.666666666666667,28
info,SYM,0.002,30,calibration,94010,SC,37.0,6000,2.721565150676853,0.00016666666666666666,1,4.333333333333333,26
info,SYM,0.002,30,calibration,94011,SC,37.0,6000,4.468194313058937,0.0,0,4.5,27
info,SYM,0.002,30,calibration,94012,SC,37.0,6000,2.182155768693578,0.0,0,3.0,18
info,SYM,0.002,30,calibration,94013,SC,37.0,6000,2.9832550067853525,0.0006666666666666666,4,4.5,27
info,SYM,0.002,30,calibration,94014,SC,37.0,6000,2.785528330267461,0.0,0,5.0,30
info,SYM,0.002,30,calibration,94015,SC,37.0,6000,2.1102241795459067,0.00016666666666666666,1,3.3333333333333335,20
info,SYM,0.002,30,calibration,94016,SC,37.0,6000,3.925116852583821,0.0,0,5.0,30
info,SYM,0.002,30,calibration,94017,SC,37.0,6000,2.5293783573365043,0.0,0,5.166666666666667,31
info,SYM,0.002,30,calibration,94018,SC,37.0,6000,4.235055627912749,0.0006666666666666666,4,4.833333333333333,29
info,SYM,0.002,30,calibration,94019,SC,37.0,6000,6.469008408888814,0.00016666666666666666,1,5.333333333333333,32
info,SYM,0.002,30,calibration,94020,SC,37.0,6000,2.961603029715529,0.0003333333333333333,2,4.833333333333333,29
info,SYM,0.002,30,test,95001,SC,37.0,6000,2.3990886202204744,0.00016666666666666666,1,4.833333333333333,29
info,SYM,0.002,30,test,95002,SC,37.0,6000,4.6958564410232215,0.0005,3,4.5,27
info,SYM,0.002,30,test,95003,SC,37.0,6000,3.1226641020379753,0.00016666666666666666,1,5.166666666666667,31
info,SYM,0.002,30,test,95004,SC,37.0,6000,2.6803564649214335,0.0,0,4.166666666666667,25
info,SYM,0.002,30,test,95005,SC,37.0,6000,3.2023349312659684,0.00016666666666666666,1,3.6666666666666665,22
info,SYM,0.002,30,test,95006,SC,37.0,6000,1.9522114232785825,0.0,0,3.0,18
info,SYM,0.002,30,test,95007,SC,37.0,6000,2.542681036412421,0.00016666666666666666,1,3.3333333333333335,20
info,SYM,0.002,30,test,95008,SC,37.0,6000,4.189582514412675,0.0006666666666666666,4,4.0,24
info,SYM,0.002,30,test,95009,SC,37.0,6000,5.300981981561048,0.0006666666666666666,4,6.333333333333333,38
info,SYM,0.002,30,test,95010,SC,37.0,6000,4.184803266727932,0.0003333333333333333,2,5.0,30
info,SYM,0.002,30,test,95011,SC,37.0,6000,4.765605547285494,0.0006666666666666666,4,5.666666666666667,34
info,SYM,0.002,30,test,95012,SC,37.0,6000,3.40180527144733,0.0005,3,4.5,27
info,SYM,0.002,30,test,95013,SC,37.0,6000,4.122380968412315,0.00016666666666666666,1,5.833333333333333,35
info,SYM,0.002,30,test,95014,SC,37.0,6000,2.888142089724739,0.0003333333333333333,2,3.3333333333333335,20
info,SYM,0.002,30,test,95015,SC,37.0,6000,3.5617061952565714,0.00016666666666666666,1,3.8333333333333335,23
info,SYM,0.002,30,test,95016,SC,37.0,6000,3.4625837153769328,0.0003333333333333333,2,5.333333333333333,32
info,SYM,0.002,30,test,95017,SC,37.0,6000,3.6494740843251345,0.0003333333333333333,2,5.166666666666667,31
info,SYM,0.002,30,test,95018,SC,37.0,6000,4.252301773034682,0.0005,3,6.166666666666667,37
info,SYM,0.002,30,test,95019,SC,37.0,6000,4.122195633565051,0.00016666666666666666,1,6.166666666666667,37
info,SYM,0.002,30,test,95020,SC,37.0,6000,3.2317526312400218,0.00016666666666666666,1,4.333333333333333,26
info,SYM,0.002,30,calibration,94001,K2,5817.091329374358,6000,3.6163601672912282,0.0,0,10.5,63
info,SYM,0.002,30,calibration,94002,K2,5817.091329374358,6000,2.4694026883002396,0.0,0,11.666666666666666,70
info,SYM,0.002,30,calibration,94003,K2,5817.091329374358,6000,4.4892202535124754,0.0,0,12.333333333333334,74
info,SYM,0.002,30,calibration,94004,K2,5817.091329374358,6000,2.315183428165041,0.0,0,12.833333333333334,77
info,SYM,0.002,30,calibration,94005,K2,5817.091329374358,6000,2.7344314589910534,0.0,0,14.166666666666666,85
info,SYM,0.002,30,calibration,94006,K2,5817.091329374358,6000,6.096984906449331,0.0,0,14.666666666666666,88
info,SYM,0.002,30,calibration,94007,K2,5817.091329374358,6000,1.5386022964887276,0.0,0,12.666666666666666,76
info,SYM,0.002,30,calibration,94008,K2,5817.091329374358,6000,6.068460913469598,0.0,0,12.0,72
info,SYM,0.002,30,calibration,94009,K2,5817.091329374358,6000,2.6123793480811206,0.0,0,15.166666666666666,91
info,SYM,0.002,30,calibration,94010,K2,5817.091329374358,6000,2.9952748148512662,0.00016666666666666666,1,13.5,81
info,SYM,0.002,30,calibration,94011,K2,5817.091329374358,6000,4.367176439353081,0.0,0,12.833333333333334,77
info,SYM,0.002,30,calibration,94012,K2,5817.091329374358,6000,1.652928604982298,0.0,0,11.833333333333334,71
info,SYM,0.002,30,calibration,94013,K2,5817.091329374358,6000,3.0795000050721026,0.0,0,14.166666666666666,85
info,SYM,0.002,30,calibration,94014,K2,5817.091329374358,6000,2.934727522596356,0.0,0,13.833333333333334,83
info,SYM,0.002,30,calibration,94015,K2,5817.091329374358,6000,1.545945654151712,0.0,0,13.666666666666666,82
info,SYM,0.002,30,calibration,94016,K2,5817.091329374358,6000,3.6711158640672785,0.0,0,14.166666666666666,85
info,SYM,0.002,30,calibration,94017,K2,5817.091329374358,6000,2.503980742446748,0.0,0,14.333333333333334,86
info,SYM,0.002,30,calibration,94018,K2,5817.091329374358,6000,3.1186903179752203,0.0,0,10.333333333333334,62
info,SYM,0.002,30,calibration,94019,K2,5817.091329374358,6000,5.341202134425353,0.0,0,14.333333333333334,86
info,SYM,0.002,30,calibration,94020,K2,5817.091329374358,6000,3.0929234620762034,0.0,0,11.5,69
info,SYM,0.002,30,test,95001,K2,5817.091329374358,6000,1.9979991453189474,0.00016666666666666666,1,14.0,84
info,SYM,0.002,30,test,95002,K2,5817.091329374358,6000,3.731162968622986,0.0,0,14.166666666666666,85
info,SYM,0.002,30,test,95003,K2,5817.091329374358,6000,3.7594981233507685,0.00016666666666666666,1,16.0,96
info,SYM,0.002,30,test,95004,K2,5817.091329374358,6000,2.376061599400742,0.0,0,11.166666666666666,67
info,SYM,0.002,30,test,95005,K2,5817.091329374358,6000,2.7007757377186645,0.0,0,13.666666666666666,82
info,SYM,0.002,30,test,95006,K2,5817.091329374358,6000,1.867876470574476,0.0,0,13.5,81
info,SYM,0.002,30,test,95007,K2,5817.091329374358,6000,2.4189026265333147,0.0,0,12.666666666666666,76
info,SYM,0.002,30,test,95008,K2,5817.091329374358,6000,3.2814233858776043,0.0,0,11.666666666666666,70
info,SYM,0.002,30,test,95009,K2,5817.091329374358,6000,5.6860481610547335,0.00016666666666666666,1,13.333333333333334,80
info,SYM,0.002,30,test,95010,K2,5817.091329374358,6000,4.417601119081682,0.0,0,11.833333333333334,71
info,SYM,0.002,30,test,95011,K2,5817.091329374358,6000,4.355038013635125,0.0,0,12.666666666666666,76
info,SYM,0.002,30,test,95012,K2,5817.091329374358,6000,2.8759645095284316,0.00016666666666666666,1,13.5,81
info,SYM,0.002,30,test,95013,K2,5817.091329374358,6000,4.53095795097383,0.0,0,13.166666666666666,79
info,SYM,0.002,30,test,95014,K2,5817.091329374358,6000,2.553398278833975,0.0,0,10.333333333333334,62
info,SYM,0.002,30,test,95015,K2,5817.091329374358,6000,3.827518302439005,0.0,0,15.833333333333334,95
info,SYM,0.002,30,test,95016,K2,5817.091329374358,6000,3.2767876655290067,0.0,0,12.0,72
info,SYM,0.002,30,test,95017,K2,5817.091329374358,6000,3.5519152285763225,0.0,0,11.166666666666666,67
info,SYM,0.002,30,test,95018,K2,5817.091329374358,6000,4.625905680157584,0.0,0,13.0,78
info,SYM,0.002,30,test,95019,K2,5817.091329374358,6000,3.7074452984573307,0.0,0,14.166666666666666,85
info,SYM,0.002,30,test,95020,K2,5817.091329374358,6000,3.0911891673127094,0.0,0,12.5,75
info,FF,0.002,30,calibration,94001,SC,64.0,6000,4.997157295948668,0.0008333333333333334,5,5.333333333333333,32
info,FF,0.002,30,calibration,94002,SC,64.0,6000,3.7711209025755386,0.0003333333333333333,2,4.333333333333333,26
info,FF,0.002,30,calibration,94003,SC,64.0,6000,5.186533607074973,0.00016666666666666666,1,2.8333333333333335,17
info,FF,0.002,30,calibration,94004,SC,64.0,6000,3.3920450444861907,0.0006666666666666666,4,3.5,21
info,FF,0.002,30,calibration,94005,SC,64.0,6000,2.930021502815158,0.00016666666666666666,1,3.3333333333333335,20
info,FF,0.002,30,calibration,94006,SC,64.0,6000,7.734987833653282,0.0006666666666666666,4,4.166666666666667,25
info,FF,0.002,30,calibration,94007,SC,64.0,6000,1.9376069548766024,0.0,0,2.3333333333333335,14
info,FF,0.002,30,calibration,94008,SC,64.0,6000,8.46434291798275,0.0008333333333333334,5,5.333333333333333,32
info,FF,0.002,30,calibration,94009,SC,64.0,6000,3.2164298979945074,0.0003333333333333333,2,3.6666666666666665,22
info,FF,0.002,30,calibration,94010,SC,64.0,6000,2.937768715318066,0.00016666666666666666,1,3.6666666666666665,22
info,FF,0.002,30,calibration,94011,SC,64.0,6000,5.348280094394923,0.0006666666666666666,4,4.5,27
info,FF,0.002,30,calibration,94012,SC,64.0,6000,2.4085742181855743,0.0,0,2.6666666666666665,16
info,FF,0.002,30,calibration,94013,SC,64.0,6000,3.3948301061383215,0.00016666666666666666,1,3.5,21
info,FF,0.002,30,calibration,94014,SC,64.0,6000,3.047304810032719,0.0003333333333333333,2,3.0,18
info,FF,0.002,30,calibration,94015,SC,64.0,6000,2.1533638357939524,0.00016666666666666666,1,1.6666666666666667,10
info,FF,0.002,30,calibration,94016,SC,64.0,6000,4.099544582871387,0.0003333333333333333,2,3.3333333333333335,20
info,FF,0.002,30,calibration,94017,SC,64.0,6000,3.0628314894158746,0.00016666666666666666,1,4.166666666666667,25
info,FF,0.002,30,calibration,94018,SC,64.0,6000,4.500429938091089,0.0003333333333333333,2,3.1666666666666665,19
info,FF,0.002,30,calibration,94019,SC,64.0,6000,6.0508351258181845,0.0005,3,4.0,24
info,FF,0.002,30,calibration,94020,SC,64.0,6000,3.5439708968525934,0.00016666666666666666,1,4.166666666666667,25
info,FF,0.002,30,test,95001,SC,64.0,6000,3.287772474390397,0.0003333333333333333,2,4.166666666666667,25
info,FF,0.002,30,test,95002,SC,64.0,6000,5.084140543847126,0.0005,3,3.8333333333333335,23
info,FF,0.002,30,test,95003,SC,64.0,6000,5.655001335552023,0.0006666666666666666,4,5.166666666666667,31
info,FF,0.002,30,test,95004,SC,64.0,6000,2.531165177539577,0.00016666666666666666,1,3.0,18
info,FF,0.002,30,test,95005,SC,64.0,6000,2.9895987980950176,0.0,0,3.0,18
info,FF,0.002,30,test,95006,SC,64.0,6000,2.103730778118677,0.00016666666666666666,1,2.0,12
info,FF,0.002,30,test,95007,SC,64.0,6000,2.74984610238782,0.0003333333333333333,2,3.3333333333333335,20
info,FF,0.002,30,test,95008,SC,64.0,6000,4.60795454902853,0.0005,3,3.1666666666666665,19
info,FF,0.002,30,test,95009,SC,64.0,6000,6.066710860893994,0.0011666666666666668,7,5.0,30
info,FF,0.002,30,test,95010,SC,64.0,6000,4.590327683725028,0.00016666666666666666,1,4.333333333333333,26
info,FF,0.002,30,test,95011,SC,64.0,6000,4.673599925945618,0.0006666666666666666,4,4.666666666666667,28
info,FF,0.002,30,test,95012,SC,64.0,6000,3.669257146851983,0.0003333333333333333,2,3.5,21
info,FF,0.002,30,test,95013,SC,64.0,6000,4.339543808834595,0.00016666666666666666,1,4.5,27
info,FF,0.002,30,test,95014,SC,64.0,6000,3.077075626971673,0.0005,3,2.6666666666666665,16
info,FF,0.002,30,test,95015,SC,64.0,6000,4.654547695471109,0.0003333333333333333,2,3.5,21
info,FF,0.002,30,test,95016,SC,64.0,6000,4.108721592436951,0.0005,3,2.6666666666666665,16
info,FF,0.002,30,test,95017,SC,64.0,6000,3.569710928308131,0.0005,3,3.8333333333333335,23
info,FF,0.002,30,test,95018,SC,64.0,6000,6.359347731168936,0.0008333333333333334,5,5.5,33
info,FF,0.002,30,test,95019,SC,64.0,6000,4.8189633169015975,0.0003333333333333333,2,5.166666666666667,31
info,FF,0.002,30,test,95020,SC,64.0,6000,3.9321935023595795,0.0006666666666666666,4,3.8333333333333335,23
info,FF,0.002,30,calibration,94001,K2,508.0218046913023,6000,4.146073388834373,0.0005,3,5.5,33
info,FF,0.002,30,calibration,94002,K2,508.0218046913023,6000,3.2664050881827515,0.00016666666666666666,1,4.666666666666667,28
info,FF,0.002,30,calibration,94003,K2,508.0218046913023,6000,4.862120792359822,0.0003333333333333333,2,3.8333333333333335,23
info,FF,0.002,30,calibration,94004,K2,508.0218046913023,6000,3.8646948606323517,0.0006666666666666666,4,5.666666666666667,34
info,FF,0.002,30,calibration,94005,K2,508.0218046913023,6000,2.8072634484393504,0.0003333333333333333,2,3.6666666666666665,22
info,FF,0.002,30,calibration,94006,K2,508.0218046913023,6000,7.3432725754104275,0.0006666666666666666,4,4.5,27
info,FF,0.002,30,calibration,94007,K2,508.0218046913023,6000,1.8203488321789294,0.0,0,2.6666666666666665,16
info,FF,0.002,30,calibration,94008,K2,508.0218046913023,6000,7.2311078331813,0.0005,3,5.333333333333333,32
info,FF,0.002,30,calibration,94009,K2,508.0218046913023,6000,3.1335184346054588,0.00016666666666666666,1,4.666666666666667,28
info,FF,0.002,30,calibration,94010,K2,508.0218046913023,6000,2.899832504847873,0.0003333333333333333,2,4.666666666666667,28
info,FF,0.002,30,calibration,94011,K2,508.0218046913023,6000,5.215554040327379,0.0006666666666666666,4,4.833333333333333,29
info,FF,0.002,30,calibration,94012,K2,508.0218046913023,6000,2.369909370200811,0.0003333333333333333,2,3.0,18
info,FF,0.002,30,calibration,94013,K2,508.0218046913023,6000,3.6869002875343084,0.0006666666666666666,4,4.166666666666667,25
info,FF,0.002,30,calibration,94014,K2,508.0218046913023,6000,2.782995440633382,0.00016666666666666666,1,3.6666666666666665,22
info,FF,0.002,30,calibration,94015,K2,508.0218046913023,6000,2.0983170916691423,0.00016666666666666666,1,4.0,24
info,FF,0.002,30,calibration,94016,K2,508.0218046913023,6000,4.058312751543914,0.0005,3,4.0,24
info,FF,0.002,30,calibration,94017,K2,508.0218046913023,6000,3.0744657702583287,0.0,0,5.166666666666667,31
info,FF,0.002,30,calibration,94018,K2,508.0218046913023,6000,4.603641401615215,0.0003333333333333333,2,4.166666666666667,25
info,FF,0.002,30,calibration,94019,K2,508.0218046913023,6000,7.220280818358265,0.0008333333333333334,5,6.333333333333333,38
info,FF,0.002,30,calibration,94020,K2,508.0218046913023,6000,3.448610686563319,0.00016666666666666666,1,4.833333333333333,29
info,FF,0.002,30,test,95001,K2,508.0218046913023,6000,3.670832486551357,0.0003333333333333333,2,5.5,33
info,FF,0.002,30,test,95002,K2,508.0218046913023,6000,5.374552553169564,0.001,6,3.8333333333333335,23
info,FF,0.002,30,test,95003,K2,508.0218046913023,6000,5.630276092802741,0.0013333333333333333,8,5.5,33
info,FF,0.002,30,test,95004,K2,508.0218046913023,6000,2.8026554191323614,0.00016666666666666666,1,3.6666666666666665,22
info,FF,0.002,30,test,95005,K2,508.0218046913023,6000,2.868614696476085,0.0,0,3.3333333333333335,20
info,FF,0.002,30,test,95006,K2,508.0218046913023,6000,2.0438386439318177,0.00016666666666666666,1,2.6666666666666665,16
info,FF,0.002,30,test,95007,K2,508.0218046913023,6000,2.473853043944875,0.00016666666666666666,1,3.0,18
info,FF,0.002,30,test,95008,K2,508.0218046913023,6000,4.610259449156875,0.0005,3,3.6666666666666665,22
info,FF,0.002,30,test,95009,K2,508.0218046913023,6000,6.668782737234376,0.0008333333333333334,5,5.333333333333333,32
info,FF,0.002,30,test,95010,K2,508.0218046913023,6000,4.153526512097488,0.0003333333333333333,2,5.333333333333333,32
info,FF,0.002,30,test,95011,K2,508.0218046913023,6000,4.526831954407293,0.0006666666666666666,4,5.0,30
info,FF,0.002,30,test,95012,K2,508.0218046913023,6000,3.442139818227854,0.0005,3,5.5,33
info,FF,0.002,30,test,95013,K2,508.0218046913023,6000,4.408311963115194,0.00016666666666666666,1,5.166666666666667,31
info,FF,0.002,30,test,95014,K2,508.0218046913023,6000,3.355753262729955,0.0005,3,3.3333333333333335,20
info,FF,0.002,30,test,95015,K2,508.0218046913023,6000,4.711855230403829,0.0006666666666666666,4,4.5,27
info,FF,0.002,30,test,95016,K2,508.0218046913023,6000,4.144122887535946,0.0003333333333333333,2,5.333333333333333,32
info,FF,0.002,30,test,95017,K2,508.0218046913023,6000,4.248395733691392,0.0003333333333333333,2,4.5,27
info,FF,0.002,30,test,95018,K2,508.0218046913023,6000,6.993610511310734,0.001,6,6.166666666666667,37
info,FF,0.002,30,test,95019,K2,508.0218046913023,6000,5.560003638184842,0.0006666666666666666,4,5.833333333333333,35
info,FF,0.002,30,test,95020,K2,508.0218046913023,6000,4.197498480410978,0.0005,3,4.5,27
info,FIX,0.01,30,calibration,94001,SC,6.5,6000,6.185015699559899,0.0028333333333333335,17,11.666666666666666,70
info,FIX,0.01,30,calibration,94002,SC,6.5,6000,3.5803139572736713,0.0015,9,7.666666666666667,46
info,FIX,0.01,30,calibration,94003,SC,6.5,6000,7.1056724345549895,0.002,12,10.0,60
info,FIX,0.01,30,calibration,94004,SC,6.5,6000,3.082549892734147,0.002,12,7.666666666666667,46
info,FIX,0.01,30,calibration,94005,SC,6.5,6000,4.399531167275365,0.0013333333333333333,8,8.0,48
info,FIX,0.01,30,calibration,94006,SC,6.5,6000,7.260599931065927,0.0016666666666666668,10,10.666666666666666,64
info,FIX,0.01,30,calibration,94007,SC,6.5,6000,2.3155506906208028,0.0011666666666666668,7,7.0,42
info,FIX,0.01,30,calibration,94008,SC,6.5,6000,8.915915259877316,0.002,12,10.333333333333334,62
info,FIX,0.01,30,calibration,94009,SC,6.5,6000,3.2348295225770496,0.0015,9,8.333333333333334,50
info,FIX,0.01,30,calibration,94010,SC,6.5,6000,3.7323628624985346,0.0011666666666666668,7,9.0,54
info,FIX,0.01,30,calibration,94011,SC,6.5,6000,6.237613633729235,0.0021666666666666666,13,10.833333333333334,65
info,FIX,0.01,30,calibration,94012,SC,6.5,6000,2.3391635642982735,0.0006666666666666666,4,6.0,36
info,FIX,0.01,30,calibration,94013,SC,6.5,6000,4.088968399975522,0.002,12,9.666666666666666,58
info,FIX,0.01,30,calibration,94014,SC,6.5,6000,3.785098645481033,0.0023333333333333335,14,10.333333333333334,62
info,FIX,0.01,30,calibration,94015,SC,6.5,6000,2.4481034837626714,0.0011666666666666668,7,7.666666666666667,46
info,FIX,0.01,30,calibration,94016,SC,6.5,6000,5.005707145316379,0.0013333333333333333,8,9.0,54
info,FIX,0.01,30,calibration,94017,SC,6.5,6000,5.1014973784344715,0.0013333333333333333,8,9.333333333333334,56
info,FIX,0.01,30,calibration,94018,SC,6.5,6000,5.297307727685904,0.0025,15,10.333333333333334,62
info,FIX,0.01,30,calibration,94019,SC,6.5,6000,7.715353933514252,0.0025,15,11.666666666666666,70
info,FIX,0.01,30,calibration,94020,SC,6.5,6000,4.075459442314281,0.0015,9,8.5,51
info,FIX,0.01,30,test,95001,SC,6.5,6000,4.78698467422387,0.0013333333333333333,8,8.333333333333334,50
info,FIX,0.01,30,test,95002,SC,6.5,6000,6.036771492212932,0.0015,9,9.666666666666666,58
info,FIX,0.01,30,test,95003,SC,6.5,6000,5.7229916584054665,0.0028333333333333335,17,11.0,66
info,FIX,0.01,30,test,95004,SC,6.5,6000,4.791773057732479,0.0018333333333333333,11,8.666666666666666,52
info,FIX,0.01,30,test,95005,SC,6.5,6000,5.432117187759804,0.0018333333333333333,11,9.0,54
info,FIX,0.01,30,test,95006,SC,6.5,6000,4.305979092541687,0.0031666666666666666,19,10.333333333333334,62
info,FIX,0.01,30,test,95007,SC,6.5,6000,2.9226493641175675,0.001,6,7.833333333333333,47
info,FIX,0.01,30,test,95008,SC,6.5,6000,5.858404955302106,0.0021666666666666666,13,7.0,42
info,FIX,0.01,30,test,95009,SC,6.5,6000,8.331506181484768,0.0026666666666666666,16,11.666666666666666,70
info,FIX,0.01,30,test,95010,SC,6.5,6000,4.824254054780872,0.0025,15,11.5,69
info,FIX,0.01,30,test,95011,SC,6.5,6000,4.785355928512877,0.0016666666666666668,10,9.0,54
info,FIX,0.01,30,test,95012,SC,6.5,6000,4.774900414468618,0.0016666666666666668,10,9.833333333333334,59
info,FIX,0.01,30,test,95013,SC,6.5,6000,6.007369058849204,0.0025,15,10.833333333333334,65
info,FIX,0.01,30,test,95014,SC,6.5,6000,4.583115534051383,0.0016666666666666668,10,7.333333333333333,44
info,FIX,0.01,30,test,95015,SC,6.5,6000,4.34724241802054,0.0013333333333333333,8,7.0,42
info,FIX,0.01,30,test,95016,SC,6.5,6000,4.462230660225845,0.0015,9,10.0,60
info,FIX,0.01,30,test,95017,SC,6.5,6000,5.289810338668813,0.0028333333333333335,17,11.333333333333334,68
info,FIX,0.01,30,test,95018,SC,6.5,6000,7.345883163378404,0.003,18,10.166666666666666,61
info,FIX,0.01,30,test,95019,SC,6.5,6000,6.000088377214179,0.002,12,10.0,60
info,FIX,0.01,30,test,95020,SC,6.5,6000,6.835882347507622,0.0013333333333333333,8,7.833333333333333,47
info,FIX,0.01,30,calibration,94001,K2,338.38551534282334,6000,4.665752021376034,0.0008333333333333334,5,9.5,57
info,FIX,0.01,30,calibration,94002,K2,338.38551534282334,6000,3.065718504103832,0.0,0,7.0,42
info,FIX,0.01,30,calibration,94003,K2,338.38551534282334,6000,6.191786007399993,0.0005,3,5.5,33
info,FIX,0.01,30,calibration,94004,K2,338.38551534282334,6000,2.8959968802280036,0.0003333333333333333,2,7.0,42
info,FIX,0.01,30,calibration,94005,K2,338.38551534282334,6000,3.390034908086426,0.00016666666666666666,1,6.0,36
info,FIX,0.01,30,calibration,94006,K2,338.38551534282334,6000,7.063858437293938,0.0003333333333333333,2,6.666666666666667,40
info,FIX,0.01,30,calibration,94007,K2,338.38551534282334,6000,1.8401114708241548,0.0,0,5.0,30
info,FIX,0.01,30,calibration,94008,K2,338.38551534282334,6000,7.658689157706393,0.0003333333333333333,2,7.0,42
info,FIX,0.01,30,calibration,94009,K2,338.38551534282334,6000,3.8245439991460572,0.0003333333333333333,2,6.666666666666667,40
info,FIX,0.01,30,calibration,94010,K2,338.38551534282334,6000,3.380352866463439,0.0005,3,7.666666666666667,46
info,FIX,0.01,30,calibration,94011,K2,338.38551534282334,6000,5.8487261651445515,0.0005,3,7.333333333333333,44
info,FIX,0.01,30,calibration,94012,K2,338.38551534282334,6000,2.11293557448394,0.0003333333333333333,2,4.333333333333333,26
info,FIX,0.01,30,calibration,94013,K2,338.38551534282334,6000,2.6690344421588756,0.0003333333333333333,2,7.5,45
info,FIX,0.01,30,calibration,94014,K2,338.38551534282334,6000,3.1116232508209705,0.00016666666666666666,1,7.0,42
info,FIX,0.01,30,calibration,94015,K2,338.38551534282334,6000,1.681130953871304,0.0,0,7.666666666666667,46
info,FIX,0.01,30,calibration,94016,K2,338.38551534282334,6000,3.955424061172662,0.0006666666666666666,4,7.333333333333333,44
info,FIX,0.01,30,calibration,94017,K2,338.38551534282334,6000,3.5889036385987207,0.0003333333333333333,2,6.333333333333333,38
info,FIX,0.01,30,calibration,94018,K2,338.38551534282334,6000,3.3004406102950665,0.00016666666666666666,1,6.333333333333333,38
info,FIX,0.01,30,calibration,94019,K2,338.38551534282334,6000,6.176680370645954,0.0005,3,8.333333333333334,50
info,FIX,0.01,30,calibration,94020,K2,338.38551534282334,6000,4.3341575198888735,0.0003333333333333333,2,9.166666666666666,55
info,FIX,0.01,30,test,95001,K2,338.38551534282334,6000,4.276743670214264,0.0003333333333333333,2,7.0,42
info,FIX,0.01,30,test,95002,K2,338.38551534282334,6000,5.655407365386203,0.0006666666666666666,4,10.5,63
info,FIX,0.01,30,test,95003,K2,338.38551534282334,6000,4.654351162089625,0.0006666666666666666,4,9.0,54
info,FIX,0.01,30,test,95004,K2,338.38551534282334,6000,3.904121311335664,0.0003333333333333333,2,5.0,30
info,FIX,0.01,30,test,95005,K2,338.38551534282334,6000,2.9376744016146175,0.0,0,7.0,42
info,FIX,0.01,30,test,95006,K2,338.38551534282334,6000,2.6757001193823435,0.0005,3,10.0,60
info,FIX,0.01,30,test,95007,K2,338.38551534282334,6000,2.7471422250708923,0.00016666666666666666,1,5.333333333333333,32
info,FIX,0.01,30,test,95008,K2,338.38551534282334,6000,4.682542931933844,0.0013333333333333333,8,6.666666666666667,40
info,FIX,0.01,30,test,95009,K2,338.38551534282334,6000,6.7919269043354,0.001,6,9.333333333333334,56
info,FIX,0.01,30,test,95010,K2,338.38551534282334,6000,5.76498950069341,0.0005,3,8.666666666666666,52
info,FIX,0.01,30,test,95011,K2,338.38551534282334,6000,4.022278620561258,0.00016666666666666666,1,7.666666666666667,46
info,FIX,0.01,30,test,95012,K2,338.38551534282334,6000,3.936100604236362,0.00016666666666666666,1,6.5,39
info,FIX,0.01,30,test,95013,K2,338.38551534282334,6000,5.698973731297907,0.001,6,7.5,45
info,FIX,0.01,30,test,95014,K2,338.38551534282334,6000,3.5450138945240735,0.0003333333333333333,2,5.333333333333333,32
info,FIX,0.01,30,test,95015,K2,338.38551534282334,6000,4.020329831692297,0.0005,3,6.666666666666667,40
info,FIX,0.01,30,test,95016,K2,338.38551534282334,6000,4.955826917373658,0.00016666666666666666,1,9.666666666666666,58
info,FIX,0.01,30,test,95017,K2,338.38551534282334,6000,4.546666788951423,0.0006666666666666666,4,8.166666666666666,49
info,FIX,0.01,30,test,95018,K2,338.38551534282334,6000,8.648285678684761,0.0008333333333333334,5,7.166666666666667,43
info,FIX,0.01,30,test,95019,K2,338.38551534282334,6000,6.007625935679104,0.0003333333333333333,2,9.0,54
info,FIX,0.01,30,test,95020,K2,338.38551534282334,6000,5.1511382058379995,0.0006666666666666666,4,7.833333333333333,47
info,SYM,0.01,30,calibration,94001,SC,37.0,6000,3.6786641824863526,0.00016666666666666666,1,6.0,36
info,SYM,0.01,30,calibration,94002,SC,37.0,6000,2.891871758829049,0.0,0,4.666666666666667,28
info,SYM,0.01,30,calibration,94003,SC,37.0,6000,4.488419199429392,0.0,0,3.1666666666666665,19
info,SYM,0.01,30,calibration,94004,SC,37.0,6000,3.2582796987627054,0.0005,3,4.666666666666667,28
info,SYM,0.01,30,calibration,94005,SC,37.0,6000,2.9042888426116975,0.0003333333333333333,2,4.0,24
info,SYM,0.01,30,calibration,94006,SC,37.0,6000,6.22708197467715,0.0003333333333333333,2,4.833333333333333,29
info,SYM,0.01,30,calibration,94007,SC,37.0,6000,1.7219547209831176,0.0,0,2.3333333333333335,14
info,SYM,0.01,30,calibration,94008,SC,37.0,6000,6.367786592328815,0.0005,3,4.666666666666667,28
info,SYM,0.01,30,calibration,94009,SC,37.0,6000,3.252892696267771,0.00016666666666666666,1,4.666666666666667,28
info,SYM,0.01,30,calibration,94010,SC,37.0,6000,2.721565150676853,0.00016666666666666666,1,4.333333333333333,26
info,SYM,0.01,30,calibration,94011,SC,37.0,6000,4.468194313058937,0.0,0,4.5,27
info,SYM,0.01,30,calibration,94012,SC,37.0,6000,2.182155768693578,0.0,0,3.0,18
info,SYM,0.01,30,calibration,94013,SC,37.0,6000,2.9832550067853525,0.0006666666666666666,4,4.5,27
info,SYM,0.01,30,calibration,94014,SC,37.0,6000,2.785528330267461,0.0,0,5.0,30
info,SYM,0.01,30,calibration,94015,SC,37.0,6000,2.1102241795459067,0.00016666666666666666,1,3.3333333333333335,20
info,SYM,0.01,30,calibration,94016,SC,37.0,6000,3.925116852583821,0.0,0,5.0,30
info,SYM,0.01,30,calibration,94017,SC,37.0,6000,2.5293783573365043,0.0,0,5.166666666666667,31
info,SYM,0.01,30,calibration,94018,SC,37.0,6000,4.235055627912749,0.0006666666666666666,4,4.833333333333333,29
info,SYM,0.01,30,calibration,94019,SC,37.0,6000,6.469008408888814,0.00016666666666666666,1,5.333333333333333,32
info,SYM,0.01,30,calibration,94020,SC,37.0,6000,2.961603029715529,0.0003333333333333333,2,4.833333333333333,29
info,SYM,0.01,30,test,95001,SC,37.0,6000,2.3990886202204744,0.00016666666666666666,1,4.833333333333333,29
info,SYM,0.01,30,test,95002,SC,37.0,6000,4.6958564410232215,0.0005,3,4.5,27
info,SYM,0.01,30,test,95003,SC,37.0,6000,3.1226641020379753,0.00016666666666666666,1,5.166666666666667,31
info,SYM,0.01,30,test,95004,SC,37.0,6000,2.6803564649214335,0.0,0,4.166666666666667,25
info,SYM,0.01,30,test,95005,SC,37.0,6000,3.2023349312659684,0.00016666666666666666,1,3.6666666666666665,22
info,SYM,0.01,30,test,95006,SC,37.0,6000,1.9522114232785825,0.0,0,3.0,18
info,SYM,0.01,30,test,95007,SC,37.0,6000,2.542681036412421,0.00016666666666666666,1,3.3333333333333335,20
info,SYM,0.01,30,test,95008,SC,37.0,6000,4.189582514412675,0.0006666666666666666,4,4.0,24
info,SYM,0.01,30,test,95009,SC,37.0,6000,5.300981981561048,0.0006666666666666666,4,6.333333333333333,38
info,SYM,0.01,30,test,95010,SC,37.0,6000,4.184803266727932,0.0003333333333333333,2,5.0,30
info,SYM,0.01,30,test,95011,SC,37.0,6000,4.765605547285494,0.0006666666666666666,4,5.666666666666667,34
info,SYM,0.01,30,test,95012,SC,37.0,6000,3.40180527144733,0.0005,3,4.5,27
info,SYM,0.01,30,test,95013,SC,37.0,6000,4.122380968412315,0.00016666666666666666,1,5.833333333333333,35
info,SYM,0.01,30,test,95014,SC,37.0,6000,2.888142089724739,0.0003333333333333333,2,3.3333333333333335,20
info,SYM,0.01,30,test,95015,SC,37.0,6000,3.5617061952565714,0.00016666666666666666,1,3.8333333333333335,23
info,SYM,0.01,30,test,95016,SC,37.0,6000,3.4625837153769328,0.0003333333333333333,2,5.333333333333333,32
info,SYM,0.01,30,test,95017,SC,37.0,6000,3.6494740843251345,0.0003333333333333333,2,5.166666666666667,31
info,SYM,0.01,30,test,95018,SC,37.0,6000,4.252301773034682,0.0005,3,6.166666666666667,37
info,SYM,0.01,30,test,95019,SC,37.0,6000,4.122195633565051,0.00016666666666666666,1,6.166666666666667,37
info,SYM,0.01,30,test,95020,SC,37.0,6000,3.2317526312400218,0.00016666666666666666,1,4.333333333333333,26
info,SYM,0.01,30,calibration,94001,K2,5817.091329374358,6000,3.6163601672912282,0.0,0,10.5,63
info,SYM,0.01,30,calibration,94002,K2,5817.091329374358,6000,2.4694026883002396,0.0,0,11.666666666666666,70
info,SYM,0.01,30,calibration,94003,K2,5817.091329374358,6000,4.4892202535124754,0.0,0,12.333333333333334,74
info,SYM,0.01,30,calibration,94004,K2,5817.091329374358,6000,2.315183428165041,0.0,0,12.833333333333334,77
info,SYM,0.01,30,calibration,94005,K2,5817.091329374358,6000,2.7344314589910534,0.0,0,14.166666666666666,85
info,SYM,0.01,30,calibration,94006,K2,5817.091329374358,6000,6.096984906449331,0.0,0,14.666666666666666,88
info,SYM,0.01,30,calibration,94007,K2,5817.091329374358,6000,1.5386022964887276,0.0,0,12.666666666666666,76
info,SYM,0.01,30,calibration,94008,K2,5817.091329374358,6000,6.068460913469598,0.0,0,12.0,72
info,SYM,0.01,30,calibration,94009,K2,5817.091329374358,6000,2.6123793480811206,0.0,0,15.166666666666666,91
info,SYM,0.01,30,calibration,94010,K2,5817.091329374358,6000,2.9952748148512662,0.00016666666666666666,1,13.5,81
info,SYM,0.01,30,calibration,94011,K2,5817.091329374358,6000,4.367176439353081,0.0,0,12.833333333333334,77
info,SYM,0.01,30,calibration,94012,K2,5817.091329374358,6000,1.652928604982298,0.0,0,11.833333333333334,71
info,SYM,0.01,30,calibration,94013,K2,5817.091329374358,6000,3.0795000050721026,0.0,0,14.166666666666666,85
info,SYM,0.01,30,calibration,94014,K2,5817.091329374358,6000,2.934727522596356,0.0,0,13.833333333333334,83
info,SYM,0.01,30,calibration,94015,K2,5817.091329374358,6000,1.545945654151712,0.0,0,13.666666666666666,82
info,SYM,0.01,30,calibration,94016,K2,5817.091329374358,6000,3.6711158640672785,0.0,0,14.166666666666666,85
info,SYM,0.01,30,calibration,94017,K2,5817.091329374358,6000,2.503980742446748,0.0,0,14.333333333333334,86
info,SYM,0.01,30,calibration,94018,K2,5817.091329374358,6000,3.1186903179752203,0.0,0,10.333333333333334,62
info,SYM,0.01,30,calibration,94019,K2,5817.091329374358,6000,5.341202134425353,0.0,0,14.333333333333334,86
info,SYM,0.01,30,calibration,94020,K2,5817.091329374358,6000,3.0929234620762034,0.0,0,11.5,69
info,SYM,0.01,30,test,95001,K2,5817.091329374358,6000,1.9979991453189474,0.00016666666666666666,1,14.0,84
info,SYM,0.01,30,test,95002,K2,5817.091329374358,6000,3.731162968622986,0.0,0,14.166666666666666,85
info,SYM,0.01,30,test,95003,K2,5817.091329374358,6000,3.7594981233507685,0.00016666666666666666,1,16.0,96
info,SYM,0.01,30,test,95004,K2,5817.091329374358,6000,2.376061599400742,0.0,0,11.166666666666666,67
info,SYM,0.01,30,test,95005,K2,5817.091329374358,6000,2.7007757377186645,0.0,0,13.666666666666666,82
info,SYM,0.01,30,test,95006,K2,5817.091329374358,6000,1.867876470574476,0.0,0,13.5,81
info,SYM,0.01,30,test,95007,K2,5817.091329374358,6000,2.4189026265333147,0.0,0,12.666666666666666,76
info,SYM,0.01,30,test,95008,K2,5817.091329374358,6000,3.2814233858776043,0.0,0,11.666666666666666,70
info,SYM,0.01,30,test,95009,K2,5817.091329374358,6000,5.6860481610547335,0.00016666666666666666,1,13.333333333333334,80
info,SYM,0.01,30,test,95010,K2,5817.091329374358,6000,4.417601119081682,0.0,0,11.833333333333334,71
info,SYM,0.01,30,test,95011,K2,5817.091329374358,6000,4.355038013635125,0.0,0,12.666666666666666,76
info,SYM,0.01,30,test,95012,K2,5817.091329374358,6000,2.8759645095284316,0.00016666666666666666,1,13.5,81
info,SYM,0.01,30,test,95013,K2,5817.091329374358,6000,4.53095795097383,0.0,0,13.166666666666666,79
info,SYM,0.01,30,test,95014,K2,5817.091329374358,6000,2.553398278833975,0.0,0,10.333333333333334,62
info,SYM,0.01,30,test,95015,K2,5817.091329374358,6000,3.827518302439005,0.0,0,15.833333333333334,95
info,SYM,0.01,30,test,95016,K2,5817.091329374358,6000,3.2767876655290067,0.0,0,12.0,72
info,SYM,0.01,30,test,95017,K2,5817.091329374358,6000,3.5519152285763225,0.0,0,11.166666666666666,67
info,SYM,0.01,30,test,95018,K2,5817.091329374358,6000,4.625905680157584,0.0,0,13.0,78
info,SYM,0.01,30,test,95019,K2,5817.091329374358,6000,3.7074452984573307,0.0,0,14.166666666666666,85
info,SYM,0.01,30,test,95020,K2,5817.091329374358,6000,3.0911891673127094,0.0,0,12.5,75
info,FF,0.01,30,calibration,94001,SC,64.0,6000,4.997157295948668,0.0008333333333333334,5,5.333333333333333,32
info,FF,0.01,30,calibration,94002,SC,64.0,6000,3.7711209025755386,0.0003333333333333333,2,4.333333333333333,26
info,FF,0.01,30,calibration,94003,SC,64.0,6000,5.186533607074973,0.00016666666666666666,1,2.8333333333333335,17
info,FF,0.01,30,calibration,94004,SC,64.0,6000,3.3920450444861907,0.0006666666666666666,4,3.5,21
info,FF,0.01,30,calibration,94005,SC,64.0,6000,2.930021502815158,0.00016666666666666666,1,3.3333333333333335,20
info,FF,0.01,30,calibration,94006,SC,64.0,6000,7.734987833653282,0.0006666666666666666,4,4.166666666666667,25
info,FF,0.01,30,calibration,94007,SC,64.0,6000,1.9376069548766024,0.0,0,2.3333333333333335,14
info,FF,0.01,30,calibration,94008,SC,64.0,6000,8.46434291798275,0.0008333333333333334,5,5.333333333333333,32
info,FF,0.01,30,calibration,94009,SC,64.0,6000,3.2164298979945074,0.0003333333333333333,2,3.6666666666666665,22
info,FF,0.01,30,calibration,94010,SC,64.0,6000,2.937768715318066,0.00016666666666666666,1,3.6666666666666665,22
info,FF,0.01,30,calibration,94011,SC,64.0,6000,5.348280094394923,0.0006666666666666666,4,4.5,27
info,FF,0.01,30,calibration,94012,SC,64.0,6000,2.4085742181855743,0.0,0,2.6666666666666665,16
info,FF,0.01,30,calibration,94013,SC,64.0,6000,3.3948301061383215,0.00016666666666666666,1,3.5,21
info,FF,0.01,30,calibration,94014,SC,64.0,6000,3.047304810032719,0.0003333333333333333,2,3.0,18
info,FF,0.01,30,calibration,94015,SC,64.0,6000,2.1533638357939524,0.00016666666666666666,1,1.6666666666666667,10
info,FF,0.01,30,calibration,94016,SC,64.0,6000,4.099544582871387,0.0003333333333333333,2,3.3333333333333335,20
info,FF,0.01,30,calibration,94017,SC,64.0,6000,3.0628314894158746,0.00016666666666666666,1,4.166666666666667,25
info,FF,0.01,30,calibration,94018,SC,64.0,6000,4.500429938091089,0.0003333333333333333,2,3.1666666666666665,19
info,FF,0.01,30,calibration,94019,SC,64.0,6000,6.0508351258181845,0.0005,3,4.0,24
info,FF,0.01,30,calibration,94020,SC,64.0,6000,3.5439708968525934,0.00016666666666666666,1,4.166666666666667,25
info,FF,0.01,30,test,95001,SC,64.0,6000,3.287772474390397,0.0003333333333333333,2,4.166666666666667,25
info,FF,0.01,30,test,95002,SC,64.0,6000,5.084140543847126,0.0005,3,3.8333333333333335,23
info,FF,0.01,30,test,95003,SC,64.0,6000,5.655001335552023,0.0006666666666666666,4,5.166666666666667,31
info,FF,0.01,30,test,95004,SC,64.0,6000,2.531165177539577,0.00016666666666666666,1,3.0,18
info,FF,0.01,30,test,95005,SC,64.0,6000,2.9895987980950176,0.0,0,3.0,18
info,FF,0.01,30,test,95006,SC,64.0,6000,2.103730778118677,0.00016666666666666666,1,2.0,12
info,FF,0.01,30,test,95007,SC,64.0,6000,2.74984610238782,0.0003333333333333333,2,3.3333333333333335,20
info,FF,0.01,30,test,95008,SC,64.0,6000,4.60795454902853,0.0005,3,3.1666666666666665,19
info,FF,0.01,30,test,95009,SC,64.0,6000,6.066710860893994,0.0011666666666666668,7,5.0,30
info,FF,0.01,30,test,95010,SC,64.0,6000,4.590327683725028,0.00016666666666666666,1,4.333333333333333,26
info,FF,0.01,30,test,95011,SC,64.0,6000,4.673599925945618,0.0006666666666666666,4,4.666666666666667,28
info,FF,0.01,30,test,95012,SC,64.0,6000,3.669257146851983,0.0003333333333333333,2,3.5,21
info,FF,0.01,30,test,95013,SC,64.0,6000,4.339543808834595,0.00016666666666666666,1,4.5,27
info,FF,0.01,30,test,95014,SC,64.0,6000,3.077075626971673,0.0005,3,2.6666666666666665,16
info,FF,0.01,30,test,95015,SC,64.0,6000,4.654547695471109,0.0003333333333333333,2,3.5,21
info,FF,0.01,30,test,95016,SC,64.0,6000,4.108721592436951,0.0005,3,2.6666666666666665,16
info,FF,0.01,30,test,95017,SC,64.0,6000,3.569710928308131,0.0005,3,3.8333333333333335,23
info,FF,0.01,30,test,95018,SC,64.0,6000,6.359347731168936,0.0008333333333333334,5,5.5,33
info,FF,0.01,30,test,95019,SC,64.0,6000,4.8189633169015975,0.0003333333333333333,2,5.166666666666667,31
info,FF,0.01,30,test,95020,SC,64.0,6000,3.9321935023595795,0.0006666666666666666,4,3.8333333333333335,23
info,FF,0.01,30,calibration,94001,K2,508.0218046913023,6000,4.146073388834373,0.0005,3,5.5,33
info,FF,0.01,30,calibration,94002,K2,508.0218046913023,6000,3.2664050881827515,0.00016666666666666666,1,4.666666666666667,28
info,FF,0.01,30,calibration,94003,K2,508.0218046913023,6000,4.862120792359822,0.0003333333333333333,2,3.8333333333333335,23
info,FF,0.01,30,calibration,94004,K2,508.0218046913023,6000,3.8646948606323517,0.0006666666666666666,4,5.666666666666667,34
info,FF,0.01,30,calibration,94005,K2,508.0218046913023,6000,2.8072634484393504,0.0003333333333333333,2,3.6666666666666665,22
info,FF,0.01,30,calibration,94006,K2,508.0218046913023,6000,7.3432725754104275,0.0006666666666666666,4,4.5,27
info,FF,0.01,30,calibration,94007,K2,508.0218046913023,6000,1.8203488321789294,0.0,0,2.6666666666666665,16
info,FF,0.01,30,calibration,94008,K2,508.0218046913023,6000,7.2311078331813,0.0005,3,5.333333333333333,32
info,FF,0.01,30,calibration,94009,K2,508.0218046913023,6000,3.1335184346054588,0.00016666666666666666,1,4.666666666666667,28
info,FF,0.01,30,calibration,94010,K2,508.0218046913023,6000,2.899832504847873,0.0003333333333333333,2,4.666666666666667,28
info,FF,0.01,30,calibration,94011,K2,508.0218046913023,6000,5.215554040327379,0.0006666666666666666,4,4.833333333333333,29
info,FF,0.01,30,calibration,94012,K2,508.0218046913023,6000,2.369909370200811,0.0003333333333333333,2,3.0,18
info,FF,0.01,30,calibration,94013,K2,508.0218046913023,6000,3.6869002875343084,0.0006666666666666666,4,4.166666666666667,25
info,FF,0.01,30,calibration,94014,K2,508.0218046913023,6000,2.782995440633382,0.00016666666666666666,1,3.6666666666666665,22
info,FF,0.01,30,calibration,94015,K2,508.0218046913023,6000,2.0983170916691423,0.00016666666666666666,1,4.0,24
info,FF,0.01,30,calibration,94016,K2,508.0218046913023,6000,4.058312751543914,0.0005,3,4.0,24
info,FF,0.01,30,calibration,94017,K2,508.0218046913023,6000,3.0744657702583287,0.0,0,5.166666666666667,31
info,FF,0.01,30,calibration,94018,K2,508.0218046913023,6000,4.603641401615215,0.0003333333333333333,2,4.166666666666667,25
info,FF,0.01,30,calibration,94019,K2,508.0218046913023,6000,7.220280818358265,0.0008333333333333334,5,6.333333333333333,38
info,FF,0.01,30,calibration,94020,K2,508.0218046913023,6000,3.448610686563319,0.00016666666666666666,1,4.833333333333333,29
info,FF,0.01,30,test,95001,K2,508.0218046913023,6000,3.670832486551357,0.0003333333333333333,2,5.5,33
info,FF,0.01,30,test,95002,K2,508.0218046913023,6000,5.374552553169564,0.001,6,3.8333333333333335,23
info,FF,0.01,30,test,95003,K2,508.0218046913023,6000,5.630276092802741,0.0013333333333333333,8,5.5,33
info,FF,0.01,30,test,95004,K2,508.0218046913023,6000,2.8026554191323614,0.00016666666666666666,1,3.6666666666666665,22
info,FF,0.01,30,test,95005,K2,508.0218046913023,6000,2.868614696476085,0.0,0,3.3333333333333335,20
info,FF,0.01,30,test,95006,K2,508.0218046913023,6000,2.0438386439318177,0.00016666666666666666,1,2.6666666666666665,16
info,FF,0.01,30,test,95007,K2,508.0218046913023,6000,2.473853043944875,0.00016666666666666666,1,3.0,18
info,FF,0.01,30,test,95008,K2,508.0218046913023,6000,4.610259449156875,0.0005,3,3.6666666666666665,22
info,FF,0.01,30,test,95009,K2,508.0218046913023,6000,6.668782737234376,0.0008333333333333334,5,5.333333333333333,32
info,FF,0.01,30,test,95010,K2,508.0218046913023,6000,4.153526512097488,0.0003333333333333333,2,5.333333333333333,32
info,FF,0.01,30,test,95011,K2,508.0218046913023,6000,4.526831954407293,0.0006666666666666666,4,5.0,30
info,FF,0.01,30,test,95012,K2,508.0218046913023,6000,3.442139818227854,0.0005,3,5.5,33
info,FF,0.01,30,test,95013,K2,508.0218046913023,6000,4.408311963115194,0.00016666666666666666,1,5.166666666666667,31
info,FF,0.01,30,test,95014,K2,508.0218046913023,6000,3.355753262729955,0.0005,3,3.3333333333333335,20
info,FF,0.01,30,test,95015,K2,508.0218046913023,6000,4.711855230403829,0.0006666666666666666,4,4.5,27
info,FF,0.01,30,test,95016,K2,508.0218046913023,6000,4.144122887535946,0.0003333333333333333,2,5.333333333333333,32
info,FF,0.01,30,test,95017,K2,508.0218046913023,6000,4.248395733691392,0.0003333333333333333,2,4.5,27
info,FF,0.01,30,test,95018,K2,508.0218046913023,6000,6.993610511310734,0.001,6,6.166666666666667,37
info,FF,0.01,30,test,95019,K2,508.0218046913023,6000,5.560003638184842,0.0006666666666666666,4,5.833333333333333,35
info,FF,0.01,30,test,95020,K2,508.0218046913023,6000,4.197498480410978,0.0005,3,4.5,27
